Cow_ID,Age_Years,Breed,Farm_Cleanliness,Env_Temp_7d_Avg_C,Env_Humidity_7d_Avg,Body_Temp_7d_Avg_C,Cow_Movement_7d_Avg_Steps,Milk_Conductivity_7d_Avg_mS_cm,Milk_Yield_7d_Avg_L,Mastitis_Risk_Percentage
COW_0001,8,Jersey,Yes,11.0,45.3,39.08,1474.0,5.12,21.2,17.8
COW_0002,5,Holstein,Yes,15.0,45.6,38.69,1757.0,5.03,23.2,13.8
COW_0003,9,Jersey,Yes,24.0,54.6,39.08,1247.0,5.64,29.8,36.2
COW_0004,6,Holstein,Yes,34.3,70.7,38.94,1875.0,5.94,16.6,37.0
COW_0005,8,Holstein,Yes,31.7,80.2,39.04,1026.0,5.97,26.4,33.6
COW_0006,11,Holstein,Yes,31.9,85.0,39.25,1699.0,5.73,26.2,31.8
COW_0007,4,Holstein,Yes,17.9,71.2,39.16,1967.0,5.48,26.6,27.6
COW_0008,8,Jersey,Yes,21.2,40.3,38.72,1829.0,4.93,28.9,9.0
COW_0009,9,Holstein,Yes,22.2,49.3,38.95,2170.0,5.52,15.0,26.9
COW_0010,6,Holstein,No,14.1,45.0,39.1,1185.0,6.06,21.0,35.2
COW_0011,5,Jersey,Yes,10.8,58.2,38.52,1679.0,4.81,38.4,5.8
COW_0012,9,Jersey,Yes,34.6,65.1,39.62,1411.0,6.75,17.9,58.1
COW_0013,9,Holstein,Yes,16.3,42.2,38.95,2159.0,4.93,38.0,10.9
COW_0014,4,Holstein,Yes,16.2,57.4,38.97,1820.0,5.67,19.1,35.3
COW_0015,7,Holstein,No,12.2,49.0,39.6,2042.0,6.79,15.6,71.1
COW_0016,6,Jersey,Yes,34.1,72.4,39.16,1437.0,5.67,21.2,32.8
COW_0017,3,Jersey,Yes,25.1,63.2,38.99,1236.0,5.64,32.1,33.9
COW_0018,9,Brown Swiss,Yes,27.3,64.8,39.01,2346.0,5.29,23.5,34.5
COW_0019,7,Holstein,Yes,33.7,61.4,39.21,1220.0,6.04,27.9,34.4
COW_0020,3,Holstein,Yes,19.0,87.8,38.56,2186.0,5.0,29.4,10.3
COW_0021,6,Holstein,Yes,26.2,50.7,39.11,1450.0,5.55,27.1,19.8
COW_0022,2,Holstein,Yes,11.0,65.8,38.8,1071.0,5.51,34.7,12.5
COW_0023,11,Holstein,Yes,14.9,76.8,39.17,1613.0,5.44,30.7,22.9
COW_0024,7,Guernsey,Yes,31.6,67.8,38.99,2017.0,5.66,20.2,41.8
COW_0025,10,Holstein,Yes,29.9,86.5,39.04,1288.0,6.05,24.6,34.1
COW_0026,2,Holstein,Yes,19.1,58.9,38.76,2093.0,4.9,38.2,12.7
COW_0027,11,Jersey,Yes,19.8,63.2,38.92,1960.0,6.26,27.7,38.3
COW_0028,4,Holstein,Yes,23.9,44.4,39.03,1226.0,5.72,17.6,36.5
COW_0029,8,Jersey,Yes,10.0,70.4,39.22,1612.0,5.47,18.4,36.9
COW_0030,5,Holstein,Yes,16.3,54.4,38.34,2549.0,5.03,34.4,7.2
COW_0031,10,Holstein,No,15.4,48.0,39.05,1724.0,6.83,27.0,54.6
COW_0032,4,Holstein,Yes,16.5,67.2,38.57,1836.0,4.52,23.8,5.6
COW_0033,6,Holstein,Yes,31.0,66.6,38.8,1872.0,5.61,30.3,26.3
COW_0034,4,Guernsey,Yes,17.3,43.8,39.32,1405.0,6.08,33.0,38.1
COW_0035,8,Holstein,Yes,15.0,74.9,39.24,2029.0,5.87,32.9,34.7
COW_0036,6,Holstein,Yes,23.1,71.2,39.06,2101.0,5.77,34.7,31.3
COW_0037,10,Holstein,Yes,32.5,49.5,39.05,1629.0,5.89,27.3,39.2
COW_0038,8,Holstein,Yes,16.3,63.5,39.1,1856.0,5.35,26.0,20.2
COW_0039,3,Guernsey,No,12.0,76.0,38.83,1319.0,5.86,23.3,39.7
COW_0040,5,Holstein,Yes,19.3,66.5,39.14,1339.0,5.03,27.7,17.8
COW_0041,10,Jersey,Yes,29.4,59.8,38.94,1540.0,5.83,21.1,37.9
COW_0042,3,Brown Swiss,No,24.3,56.1,39.29,1424.0,6.42,21.0,61.0
COW_0043,11,Holstein,Yes,31.2,70.5,38.94,2055.0,5.63,32.5,44.0
COW_0044,10,Guernsey,No,34.9,87.0,39.19,1704.0,6.63,15.3,62.8
COW_0045,11,Holstein,Yes,30.6,73.6,39.37,1699.0,5.47,17.4,38.6
COW_0046,6,Holstein,No,25.7,43.7,39.35,1889.0,6.22,27.6,53.1
COW_0047,3,Holstein,Yes,22.8,63.0,39.06,1456.0,6.02,25.4,26.9
COW_0048,5,Jersey,Yes,11.0,84.5,38.48,2369.0,4.69,18.0,5.4
COW_0049,8,Brown Swiss,No,35.6,44.7,39.35,1229.0,6.8,22.5,62.8
COW_0050,9,Holstein,Yes,20.0,89.4,38.9,2290.0,5.33,26.7,19.9
COW_0051,4,Jersey,Yes,14.0,87.5,38.69,1961.0,4.76,27.0,2.6
COW_0052,2,Holstein,Yes,27.3,43.9,38.78,1042.0,5.29,30.1,29.8
COW_0053,5,Holstein,Yes,17.4,86.7,39.17,1944.0,5.78,19.0,40.1
COW_0054,3,Holstein,Yes,25.2,58.2,38.92,2065.0,5.86,27.1,25.7
COW_0055,9,Brown Swiss,Yes,25.3,82.2,39.08,1389.0,6.17,22.7,48.4
COW_0056,5,Holstein,Yes,21.6,60.9,38.59,1668.0,5.4,27.6,20.7
COW_0057,3,Holstein,Yes,31.7,62.0,39.12,1624.0,6.06,16.8,27.4
COW_0058,7,Holstein,Yes,16.9,71.7,39.14,1148.0,5.3,25.3,15.3
COW_0059,7,Holstein,Yes,21.7,78.7,38.68,964.0,4.94,27.8,24.3
COW_0060,11,Holstein,Yes,24.0,41.7,39.15,2029.0,6.04,27.5,38.0
COW_0061,5,Holstein,Yes,27.3,69.7,39.01,1515.0,5.76,37.7,21.3
COW_0062,7,Guernsey,Yes,30.4,49.3,39.03,2102.0,6.24,27.6,55.8
COW_0063,3,Holstein,Yes,20.3,57.3,38.65,2428.0,4.41,31.4,14.9
COW_0064,11,Holstein,Yes,26.8,57.4,38.85,2257.0,5.77,32.9,36.4
COW_0065,3,Holstein,Yes,13.9,63.5,39.03,1559.0,5.4,25.6,15.7
COW_0066,11,Guernsey,Yes,34.2,56.7,39.17,1169.0,5.2,34.5,32.8
COW_0067,5,Jersey,No,20.0,45.4,39.09,1295.0,5.46,31.1,32.4
COW_0068,9,Holstein,Yes,29.0,47.3,38.94,1501.0,6.14,23.0,35.1
COW_0069,8,Jersey,Yes,10.5,41.7,38.74,969.0,5.1,38.7,20.6
COW_0070,10,Holstein,Yes,15.3,63.5,38.87,1564.0,5.42,28.7,30.8
COW_0071,9,Holstein,No,22.7,87.7,39.27,1330.0,6.7,31.4,71.1
COW_0072,6,Holstein,No,32.8,45.8,39.28,1094.0,6.27,24.4,54.5
COW_0073,3,Holstein,Yes,23.7,87.3,39.26,1242.0,6.17,21.5,53.8
COW_0074,6,Holstein,Yes,34.2,76.7,39.04,1648.0,5.61,22.3,33.4
COW_0075,9,Guernsey,No,22.6,71.9,39.05,1776.0,5.56,23.6,41.6
COW_0076,11,Jersey,Yes,22.8,72.3,39.25,1251.0,6.16,20.9,48.8
COW_0077,10,Jersey,Yes,13.1,81.3,38.85,1911.0,5.52,34.4,26.3
COW_0078,10,Holstein,Yes,30.9,45.3,39.04,1565.0,6.29,23.5,51.7
COW_0079,2,Holstein,Yes,16.4,65.2,38.71,1956.0,4.97,19.8,4.4
COW_0080,10,Jersey,No,33.4,74.9,39.23,1274.0,6.95,23.8,62.0
COW_0081,8,Holstein,No,33.7,69.3,39.28,980.0,7.05,21.7,76.0
COW_0082,10,Holstein,Yes,34.5,81.6,39.36,1975.0,6.65,20.8,55.0
COW_0083,9,Holstein,Yes,23.5,43.6,38.89,1927.0,5.66,27.6,40.3
COW_0084,2,Jersey,No,27.6,74.5,39.53,1597.0,6.94,20.9,81.7
COW_0085,9,Holstein,Yes,30.2,66.7,39.23,1598.0,5.86,28.2,44.1
COW_0086,9,Holstein,Yes,13.4,59.0,38.62,1814.0,5.38,31.6,15.6
COW_0087,4,Jersey,No,25.6,57.0,39.22,1696.0,6.19,25.7,52.0
COW_0088,2,Holstein,Yes,10.9,71.0,38.39,1238.0,4.99,21.8,0.5
COW_0089,9,Holstein,Yes,22.9,84.5,39.41,1214.0,6.2,34.4,49.1
COW_0090,4,Holstein,Yes,14.0,64.8,38.77,1443.0,5.68,18.1,31.9
COW_0091,4,Holstein,No,14.8,81.2,39.01,1487.0,6.67,24.5,38.2
COW_0092,2,Jersey,Yes,19.5,60.1,39.05,1496.0,5.21,21.5,19.3
COW_0093,6,Holstein,Yes,21.2,45.1,38.64,2074.0,4.8,31.6,0.5
COW_0094,11,Holstein,Yes,26.2,43.1,38.86,1694.0,6.01,26.3,32.6
COW_0095,8,Guernsey,No,11.9,42.6,39.39,1899.0,6.25,22.4,60.9
COW_0096,11,Guernsey,No,23.1,59.0,39.4,2214.0,6.34,30.1,64.6
COW_0097,10,Guernsey,Yes,14.7,56.9,38.73,1369.0,5.05,33.9,15.0
COW_0098,8,Holstein,Yes,24.9,75.9,39.08,1630.0,6.22,22.8,47.0
COW_0099,10,Holstein,Yes,26.6,77.1,38.93,1756.0,5.84,30.3,37.1
COW_0100,9,Brown Swiss,No,24.5,42.5,39.34,1416.0,6.52,29.2,62.3
COW_0101,3,Jersey,Yes,29.2,51.1,38.61,1396.0,5.66,33.1,26.9
COW_0102,2,Holstein,No,18.7,53.7,39.01,1367.0,5.35,25.0,36.0
COW_0103,8,Holstein,Yes,29.9,67.4,39.65,1478.0,6.46,15.1,70.3
COW_0104,8,Holstein,No,21.3,47.2,38.95,1330.0,5.88,26.8,34.9
COW_0105,9,Guernsey,No,22.6,46.7,39.18,1544.0,6.07,26.4,51.5
COW_0106,6,Holstein,Yes,26.9,87.2,38.76,1663.0,5.14,22.5,29.0
COW_0107,4,Holstein,No,10.5,80.2,39.39,1516.0,6.36,23.1,58.8
COW_0108,9,Holstein,Yes,27.0,49.0,39.19,1372.0,5.92,25.5,33.6
COW_0109,7,Jersey,Yes,26.1,60.3,39.28,1672.0,6.3,31.9,44.4
COW_0110,4,Jersey,Yes,18.1,57.8,38.48,1608.0,4.81,40.2,1.6
COW_0111,2,Holstein,Yes,12.2,79.6,38.8,1966.0,5.28,35.5,5.1
COW_0112,4,Jersey,Yes,12.4,65.5,39.11,2251.0,5.66,26.5,22.9
COW_0113,6,Brown Swiss,Yes,34.0,46.4,39.28,1629.0,6.51,29.5,48.7
COW_0114,4,Holstein,Yes,27.9,76.9,39.04,1835.0,5.57,29.7,29.5
COW_0115,2,Holstein,Yes,13.3,59.8,38.68,2192.0,4.71,28.0,18.0
COW_0116,6,Holstein,Yes,19.3,53.1,38.85,1320.0,5.33,39.4,21.4
COW_0117,11,Jersey,Yes,25.4,58.8,39.4,2069.0,5.98,20.3,53.3
COW_0118,8,Holstein,Yes,31.7,64.9,39.12,1302.0,5.71,28.4,39.8
COW_0119,8,Holstein,Yes,11.1,57.2,38.65,2140.0,5.29,32.2,18.3
COW_0120,10,Jersey,Yes,16.2,52.1,38.82,2048.0,5.4,25.5,20.9
COW_0121,11,Holstein,Yes,33.1,59.9,39.32,1306.0,6.1,27.3,40.4
COW_0122,11,Guernsey,Yes,10.2,41.0,38.93,2147.0,5.64,32.3,20.9
COW_0123,4,Holstein,No,15.2,78.6,39.02,1867.0,5.65,27.2,33.4
COW_0124,8,Holstein,No,34.9,48.5,39.31,1941.0,6.74,24.2,61.1
COW_0125,2,Jersey,Yes,25.9,42.2,39.22,1734.0,5.83,26.1,37.4
COW_0126,5,Jersey,No,16.8,72.7,39.34,1598.0,6.18,29.1,40.0
COW_0127,5,Holstein,No,11.7,78.7,39.18,1533.0,5.66,24.9,30.8
COW_0128,6,Guernsey,No,10.7,80.7,39.44,998.0,6.23,22.3,56.6
COW_0129,8,Guernsey,Yes,16.4,64.7,38.82,1681.0,5.34,27.4,12.9
COW_0130,8,Holstein,No,32.9,50.3,39.24,1383.0,6.43,28.3,58.0
COW_0131,5,Brown Swiss,Yes,20.8,76.9,38.86,1878.0,5.27,17.6,14.5
COW_0132,8,Holstein,Yes,28.7,75.0,38.96,1243.0,5.4,21.7,30.1
COW_0133,4,Holstein,Yes,33.9,52.3,39.27,1579.0,6.06,37.0,41.0
COW_0134,7,Holstein,Yes,20.6,85.2,38.93,2097.0,4.9,30.0,7.9
COW_0135,3,Guernsey,Yes,15.0,45.2,38.73,2225.0,4.84,27.1,0.5
COW_0136,11,Jersey,Yes,23.4,89.1,38.79,1066.0,5.99,30.1,26.7
COW_0137,10,Holstein,Yes,33.6,83.0,38.85,1855.0,5.88,21.1,41.9
COW_0138,6,Holstein,No,30.9,74.4,39.26,1457.0,6.46,13.8,50.6
COW_0139,7,Holstein,No,11.7,86.9,39.4,1441.0,6.22,24.9,54.8
COW_0140,5,Holstein,Yes,28.0,76.1,38.87,941.0,5.2,23.2,22.4
COW_0141,11,Guernsey,No,24.9,49.5,39.67,1838.0,6.22,22.7,61.1
COW_0142,8,Jersey,No,33.6,62.1,39.23,1457.0,6.97,23.6,70.4
COW_0143,10,Holstein,No,13.2,43.6,39.08,1046.0,6.05,24.1,55.8
COW_0144,8,Brown Swiss,Yes,23.9,59.5,39.12,1651.0,6.43,15.7,46.8
COW_0145,2,Holstein,Yes,32.9,77.1,38.8,1897.0,5.25,27.1,22.3
COW_0146,2,Brown Swiss,No,20.7,59.3,39.38,1837.0,6.76,25.1,54.7
COW_0147,10,Jersey,Yes,22.5,56.5,38.79,1701.0,5.93,19.8,26.3
COW_0148,10,Holstein,Yes,11.8,69.8,38.58,1846.0,4.87,19.4,20.4
COW_0149,5,Holstein,Yes,17.2,83.6,38.98,1582.0,5.1,21.6,20.0
COW_0150,10,Guernsey,Yes,18.4,42.4,38.57,2041.0,5.54,31.8,26.5
COW_0151,4,Holstein,Yes,34.6,59.3,38.75,1490.0,5.65,16.1,31.7
COW_0152,8,Holstein,Yes,17.3,47.9,38.67,1451.0,5.72,31.3,25.1
COW_0153,7,Holstein,Yes,22.0,74.8,38.78,1863.0,5.0,30.8,10.7
COW_0154,9,Holstein,No,27.5,45.3,39.26,1154.0,6.76,22.5,50.9
COW_0155,10,Holstein,No,14.2,73.2,39.39,2145.0,6.0,17.6,37.9
COW_0156,6,Jersey,Yes,22.6,54.3,39.43,2055.0,6.1,19.4,64.3
COW_0157,2,Guernsey,No,29.2,49.9,39.48,1365.0,6.29,27.0,51.4
COW_0158,4,Holstein,Yes,32.5,86.8,38.92,1294.0,5.15,34.0,26.8
COW_0159,11,Jersey,Yes,26.3,40.9,39.0,1696.0,6.48,19.5,48.4
COW_0160,9,Holstein,No,27.4,61.9,39.49,1214.0,6.68,26.1,71.7
COW_0161,7,Guernsey,No,13.3,41.1,39.12,2072.0,5.92,29.2,43.0
COW_0162,9,Jersey,No,34.6,64.2,39.55,1152.0,6.65,21.5,64.1
COW_0163,10,Holstein,Yes,13.4,65.1,38.86,1940.0,5.43,22.7,27.6
COW_0164,5,Jersey,No,30.1,56.1,39.42,1475.0,6.06,19.9,60.1
COW_0165,2,Holstein,Yes,16.9,46.6,38.52,1690.0,5.09,40.1,8.9
COW_0166,2,Holstein,Yes,34.3,58.8,38.72,1882.0,5.76,28.2,24.1
COW_0167,11,Jersey,Yes,28.7,73.6,39.08,1777.0,6.09,29.7,47.4
COW_0168,5,Holstein,Yes,29.6,79.1,38.97,1752.0,5.28,27.6,35.8
COW_0169,8,Holstein,Yes,15.7,66.5,38.66,1859.0,5.55,25.1,21.6
COW_0170,3,Holstein,No,21.5,69.5,38.97,1385.0,5.39,28.7,31.7
COW_0171,4,Jersey,Yes,26.1,50.0,39.24,1995.0,6.28,35.8,40.4
COW_0172,2,Holstein,Yes,30.0,54.4,38.84,2064.0,5.48,22.7,27.3
COW_0173,6,Holstein,Yes,12.7,48.1,38.75,1682.0,5.05,32.8,18.0
COW_0174,2,Jersey,Yes,35.0,52.5,38.87,1759.0,5.47,28.4,22.4
COW_0175,9,Jersey,No,33.1,51.2,39.25,1978.0,5.97,17.0,49.6
COW_0176,2,Holstein,Yes,17.0,66.0,38.66,1467.0,4.94,20.2,9.7
COW_0177,2,Holstein,Yes,31.4,68.1,38.92,2072.0,5.36,25.5,10.4
COW_0178,3,Holstein,No,23.5,87.2,39.34,1343.0,5.71,25.1,55.6
COW_0179,3,Holstein,Yes,22.0,49.8,38.83,2649.0,5.35,34.6,0.5
COW_0180,7,Holstein,Yes,18.2,72.1,38.79,1870.0,5.29,19.2,17.2
COW_0181,8,Jersey,Yes,25.1,80.9,38.95,2106.0,5.47,29.1,28.2
COW_0182,6,Jersey,Yes,29.0,68.0,39.11,1305.0,5.98,23.3,51.4
COW_0183,2,Holstein,Yes,20.7,52.8,38.86,1378.0,5.55,27.8,18.1
COW_0184,2,Holstein,Yes,26.4,53.1,38.92,1634.0,5.84,29.3,33.4
COW_0185,4,Jersey,No,28.2,42.0,39.15,1605.0,6.63,31.9,56.3
COW_0186,3,Holstein,No,28.5,55.3,39.2,1349.0,6.18,24.8,59.5
COW_0187,6,Brown Swiss,Yes,11.4,77.2,38.71,2119.0,5.37,20.3,11.4
COW_0188,11,Holstein,Yes,32.4,42.4,39.01,1644.0,5.79,25.2,31.3
COW_0189,7,Holstein,No,21.9,51.0,38.91,938.0,6.19,29.0,51.7
COW_0190,8,Jersey,Yes,16.8,75.3,38.86,2043.0,5.58,32.8,18.3
COW_0191,5,Holstein,Yes,16.3,79.1,38.85,1556.0,4.96,32.3,8.9
COW_0192,8,Jersey,Yes,22.6,62.8,38.95,1549.0,5.8,23.0,36.4
COW_0193,9,Holstein,No,33.1,74.9,39.72,1807.0,6.58,15.8,67.5
COW_0194,2,Holstein,Yes,19.8,59.4,39.0,2309.0,5.71,29.1,28.1
COW_0195,7,Guernsey,Yes,29.5,48.0,38.9,1418.0,6.21,18.7,47.6
COW_0196,9,Holstein,Yes,12.5,59.9,38.88,1964.0,5.13,30.5,29.0
COW_0197,6,Jersey,No,22.4,69.0,39.12,1437.0,6.27,28.3,37.4
COW_0198,5,Holstein,Yes,35.8,87.4,38.94,1692.0,5.15,24.7,22.4
COW_0199,3,Holstein,No,30.0,43.4,39.17,1354.0,6.15,23.3,48.7
COW_0200,7,Jersey,Yes,15.5,65.4,38.67,1203.0,5.62,28.9,11.8
COW_0201,7,Holstein,Yes,23.0,56.4,38.93,1664.0,6.02,22.0,35.1
COW_0202,2,Holstein,Yes,16.1,65.4,38.65,1995.0,5.24,20.6,7.6
COW_0203,10,Holstein,Yes,20.6,41.2,38.69,1617.0,4.92,28.0,14.4
COW_0204,7,Holstein,No,30.3,55.7,39.35,1598.0,6.68,21.1,74.6
COW_0205,4,Holstein,Yes,30.1,81.0,38.8,1611.0,5.77,34.2,22.3
COW_0206,5,Jersey,No,15.9,67.7,39.2,1414.0,5.83,21.0,40.6
COW_0207,5,Guernsey,Yes,34.0,62.5,39.19,1926.0,5.48,32.2,31.6
COW_0208,4,Guernsey,Yes,25.4,54.3,39.1,1182.0,5.95,20.1,33.8
COW_0209,11,Jersey,Yes,19.9,54.9,39.22,1987.0,5.53,18.8,39.3
COW_0210,4,Jersey,Yes,23.1,59.2,39.39,1393.0,6.38,22.1,53.0
COW_0211,4,Jersey,No,25.7,81.8,39.32,1860.0,6.2,19.5,56.1
COW_0212,5,Holstein,Yes,24.6,88.4,39.0,2086.0,5.86,18.5,39.3
COW_0213,8,Guernsey,Yes,22.6,61.9,38.83,2077.0,5.16,38.7,15.7
COW_0214,5,Jersey,Yes,23.1,59.7,39.06,1347.0,5.88,22.5,43.9
COW_0215,10,Holstein,Yes,14.6,82.3,38.97,1271.0,5.48,37.9,28.9
COW_0216,2,Holstein,Yes,31.1,61.3,38.82,1316.0,5.4,22.4,16.0
COW_0217,9,Holstein,No,24.1,67.6,39.34,1863.0,6.11,15.6,54.4
COW_0218,8,Holstein,Yes,13.4,51.5,38.99,1710.0,5.8,33.7,29.4
COW_0219,3,Guernsey,Yes,29.9,77.2,39.0,1480.0,5.73,22.0,33.7
COW_0220,9,Holstein,Yes,34.2,66.6,39.13,1567.0,5.75,25.5,54.3
COW_0221,2,Holstein,No,34.6,80.5,39.31,1840.0,6.26,17.1,53.4
COW_0222,10,Brown Swiss,Yes,19.6,79.0,38.98,2066.0,5.36,27.0,16.9
COW_0223,10,Holstein,Yes,13.5,50.8,38.68,1921.0,5.78,19.5,30.9
COW_0224,3,Holstein,Yes,23.5,75.8,38.66,2067.0,5.23,27.4,21.0
COW_0225,8,Holstein,Yes,12.9,80.0,39.06,1845.0,5.41,24.5,25.3
COW_0226,11,Jersey,Yes,34.3,57.3,39.09,1728.0,6.31,26.2,39.3
COW_0227,4,Guernsey,Yes,14.8,48.6,38.98,1739.0,5.97,28.7,38.8
COW_0228,8,Holstein,No,16.6,40.1,39.11,1585.0,6.51,25.7,52.5
COW_0229,11,Guernsey,Yes,20.6,62.5,38.73,2152.0,5.52,30.8,15.3
COW_0230,10,Holstein,No,20.0,57.6,39.52,1472.0,6.53,21.2,63.8
COW_0231,5,Guernsey,Yes,30.7,67.7,38.97,1314.0,6.31,22.5,31.3
COW_0232,2,Jersey,Yes,21.9,49.4,38.86,2002.0,5.77,30.1,22.6
COW_0233,3,Jersey,Yes,14.4,83.0,38.84,1942.0,5.65,27.4,12.7
COW_0234,2,Holstein,Yes,16.9,52.9,38.77,2149.0,5.31,28.4,9.0
COW_0235,6,Brown Swiss,No,23.2,51.3,39.27,1492.0,6.52,25.5,49.7
COW_0236,6,Jersey,Yes,13.8,64.0,38.87,2152.0,5.19,22.2,12.9
COW_0237,8,Holstein,Yes,25.9,64.9,38.97,1635.0,5.66,32.7,35.3
COW_0238,10,Jersey,Yes,24.7,50.8,38.9,1910.0,5.74,24.3,34.2
COW_0239,10,Holstein,No,28.6,53.6,39.79,1258.0,6.3,22.3,71.5
COW_0240,4,Guernsey,Yes,34.4,48.5,38.99,1543.0,6.16,25.4,38.7
COW_0241,4,Holstein,No,33.7,75.9,39.43,1523.0,6.72,24.3,66.4
COW_0242,4,Jersey,Yes,34.6,78.5,39.03,1639.0,5.88,28.6,22.9
COW_0243,5,Holstein,Yes,16.4,63.1,39.05,2658.0,4.98,27.6,18.8
COW_0244,9,Holstein,Yes,13.4,75.7,38.79,1999.0,5.71,35.2,26.9
COW_0245,7,Holstein,Yes,17.9,76.8,38.66,1852.0,5.17,13.9,21.7
COW_0246,9,Holstein,Yes,33.3,46.9,39.23,1619.0,6.37,27.3,63.6
COW_0247,2,Holstein,Yes,35.3,88.3,39.22,1547.0,6.1,31.0,36.0
COW_0248,9,Holstein,No,32.3,81.1,39.11,1781.0,6.62,14.8,48.0
COW_0249,5,Holstein,No,12.9,50.2,39.25,1780.0,6.38,27.8,53.7
COW_0250,2,Holstein,Yes,34.6,49.3,38.92,2064.0,5.9,30.7,40.8
COW_0251,9,Holstein,Yes,21.0,46.3,38.64,1645.0,5.52,30.5,13.5
COW_0252,5,Jersey,Yes,10.2,46.9,38.76,1395.0,5.33,19.2,25.4
COW_0253,7,Holstein,Yes,21.5,77.4,38.6,1664.0,4.93,32.5,16.9
COW_0254,9,Guernsey,Yes,11.2,63.5,38.68,1759.0,5.12,33.9,17.7
COW_0255,5,Guernsey,No,24.1,79.1,39.67,1894.0,7.09,19.7,60.5
COW_0256,4,Jersey,Yes,18.8,77.3,38.85,2680.0,5.9,30.6,15.0
COW_0257,10,Holstein,Yes,22.3,70.2,39.16,1800.0,6.17,24.0,38.3
COW_0258,4,Guernsey,Yes,25.9,74.3,38.97,1818.0,5.49,32.4,16.1
COW_0259,10,Holstein,Yes,32.6,40.9,39.22,1416.0,6.2,22.2,52.3
COW_0260,3,Holstein,Yes,27.2,55.6,38.87,2038.0,5.38,23.6,31.5
COW_0261,3,Holstein,Yes,21.3,71.9,38.7,2808.0,4.76,29.1,0.5
COW_0262,3,Jersey,Yes,31.3,40.5,39.12,2212.0,5.81,18.3,42.5
COW_0263,7,Holstein,Yes,33.5,41.6,38.84,2151.0,6.11,26.0,20.5
COW_0264,4,Holstein,Yes,13.1,82.6,38.84,2248.0,5.76,29.8,14.5
COW_0265,10,Brown Swiss,No,23.8,74.2,39.31,1616.0,6.9,25.6,66.3
COW_0266,5,Guernsey,Yes,17.4,53.3,39.06,1623.0,5.68,26.4,42.2
COW_0267,2,Holstein,Yes,11.2,74.4,38.71,1604.0,5.39,20.3,10.4
COW_0268,5,Holstein,Yes,27.4,79.6,38.66,1807.0,5.32,35.0,21.1
COW_0269,2,Jersey,Yes,32.4,55.3,38.73,1780.0,5.38,32.5,37.1
COW_0270,6,Holstein,Yes,14.2,41.8,38.65,1317.0,5.32,28.7,13.8
COW_0271,5,Holstein,No,31.1,86.6,39.48,1493.0,6.02,20.3,56.1
COW_0272,9,Holstein,Yes,32.2,57.3,39.09,1334.0,5.85,22.0,40.1
COW_0273,9,Guernsey,Yes,33.8,45.3,39.13,2030.0,5.71,24.8,37.7
COW_0274,8,Jersey,Yes,16.9,64.6,38.48,1646.0,5.14,29.6,16.7
COW_0275,4,Jersey,Yes,33.5,78.4,38.76,1883.0,5.51,25.3,23.5
COW_0276,2,Guernsey,No,18.3,51.1,38.75,1489.0,5.61,21.9,24.9
COW_0277,2,Holstein,No,24.4,53.5,39.4,1821.0,6.26,26.2,64.3
COW_0278,4,Holstein,Yes,11.3,52.1,39.1,1254.0,5.49,30.1,8.1
COW_0279,7,Holstein,No,11.1,89.6,39.35,1634.0,6.13,18.3,55.8
COW_0280,8,Holstein,Yes,28.7,49.9,39.47,1145.0,6.0,25.2,53.8
COW_0281,7,Holstein,No,21.6,68.8,39.12,1418.0,6.03,25.2,45.6
COW_0282,7,Jersey,Yes,16.7,86.3,38.97,1957.0,5.15,24.3,12.5
COW_0283,7,Holstein,No,15.0,47.3,39.38,1730.0,6.26,31.3,39.0
COW_0284,4,Guernsey,No,27.4,88.5,39.38,1468.0,6.72,22.6,68.1
COW_0285,7,Holstein,Yes,10.0,87.4,38.63,1975.0,5.2,27.6,11.9
COW_0286,9,Holstein,Yes,31.0,84.2,38.72,1536.0,5.61,26.4,20.9
COW_0287,3,Holstein,No,12.1,50.7,38.94,1656.0,5.75,28.5,30.9
COW_0288,6,Holstein,No,15.0,71.7,39.25,1533.0,6.36,23.3,57.8
COW_0289,2,Jersey,Yes,20.0,78.0,39.32,1754.0,5.29,25.4,29.4
COW_0290,2,Holstein,Yes,22.6,89.3,38.59,1838.0,5.16,34.2,15.5
COW_0291,6,Holstein,Yes,19.2,49.0,39.0,1952.0,6.01,18.7,32.3
COW_0292,4,Holstein,Yes,18.3,78.3,38.55,1867.0,6.31,20.8,16.3
COW_0293,5,Holstein,Yes,35.1,56.9,39.07,1664.0,5.75,28.5,50.9
COW_0294,4,Holstein,Yes,26.7,48.8,38.99,1612.0,5.7,39.5,28.5
COW_0295,2,Jersey,No,10.6,61.1,39.17,1286.0,5.81,29.4,47.3
COW_0296,2,Brown Swiss,Yes,21.2,79.7,38.93,1875.0,5.88,37.9,20.1
COW_0297,6,Holstein,No,32.8,63.2,39.29,1897.0,5.93,21.6,54.3
COW_0298,7,Jersey,Yes,17.8,66.9,38.82,2066.0,5.27,25.0,9.0
COW_0299,4,Holstein,Yes,12.5,89.8,38.8,1550.0,4.91,30.6,14.1
COW_0300,10,Holstein,Yes,29.7,60.0,38.8,2016.0,5.55,31.5,31.2
COW_0301,6,Holstein,Yes,25.8,70.8,38.71,1593.0,5.7,19.3,34.2
COW_0302,9,Holstein,Yes,24.8,58.3,39.08,1805.0,6.38,23.3,49.2
COW_0303,2,Holstein,Yes,11.4,59.6,38.97,1580.0,5.45,25.9,34.2
COW_0304,6,Holstein,Yes,13.7,74.8,38.92,2032.0,5.28,24.8,6.0
COW_0305,4,Holstein,Yes,26.2,86.9,39.06,1470.0,5.92,22.4,36.8
COW_0306,2,Holstein,Yes,15.4,67.1,38.59,1787.0,4.92,34.8,5.4
COW_0307,5,Holstein,Yes,23.1,78.4,39.3,1041.0,6.55,25.7,46.0
COW_0308,6,Brown Swiss,No,24.2,44.5,39.18,1690.0,5.93,27.6,53.1
COW_0309,8,Holstein,No,17.4,50.6,39.37,1625.0,6.52,25.1,53.7
COW_0310,2,Holstein,Yes,34.7,65.1,39.13,1978.0,5.21,22.8,23.1
COW_0311,4,Holstein,Yes,31.9,41.0,39.23,1871.0,5.78,29.3,26.9
COW_0312,3,Holstein,Yes,28.8,52.6,38.98,1464.0,5.73,21.3,27.6
COW_0313,10,Holstein,No,12.0,65.9,39.26,1839.0,6.17,22.4,48.1
COW_0314,11,Holstein,Yes,12.8,40.7,39.18,2088.0,5.45,21.1,26.6
COW_0315,7,Holstein,Yes,22.8,53.2,39.05,1383.0,6.12,22.1,42.1
COW_0316,11,Holstein,Yes,14.2,65.7,38.96,1999.0,5.72,27.9,12.3
COW_0317,4,Holstein,Yes,35.4,68.7,38.7,2114.0,5.29,24.8,22.9
COW_0318,9,Holstein,Yes,14.1,86.3,38.71,1704.0,4.89,23.4,9.7
COW_0319,9,Holstein,No,22.7,72.3,39.9,1090.0,7.59,23.1,94.2
COW_0320,3,Holstein,Yes,19.5,60.7,38.65,2081.0,4.81,27.7,14.7
COW_0321,7,Holstein,Yes,26.6,86.5,38.86,1248.0,5.13,24.3,16.9
COW_0322,8,Jersey,Yes,13.4,79.2,38.81,1303.0,5.57,20.0,36.3
COW_0323,3,Holstein,Yes,21.2,50.0,39.11,1477.0,5.19,17.4,18.2
COW_0324,11,Holstein,No,17.1,46.5,39.52,929.0,6.18,21.7,61.5
COW_0325,3,Holstein,Yes,33.1,73.8,38.88,2201.0,4.91,19.9,20.8
COW_0326,11,Guernsey,No,11.1,68.0,39.32,914.0,6.02,26.9,48.8
COW_0327,2,Holstein,Yes,33.8,79.5,39.06,1815.0,5.9,26.1,29.2
COW_0328,9,Holstein,Yes,31.7,76.9,39.35,1849.0,5.76,32.2,40.0
COW_0329,2,Holstein,No,17.7,71.3,39.38,1277.0,6.72,22.4,73.7
COW_0330,10,Holstein,Yes,30.5,89.3,39.5,1222.0,7.12,18.9,65.1
COW_0331,7,Holstein,No,10.8,66.7,39.17,1770.0,5.75,16.1,34.1
COW_0332,8,Holstein,Yes,35.1,45.7,39.31,1602.0,6.13,28.7,37.5
COW_0333,11,Guernsey,No,23.7,81.4,38.95,1785.0,6.16,17.1,56.9
COW_0334,8,Holstein,Yes,17.9,52.6,38.76,859.0,5.93,25.2,23.5
COW_0335,11,Jersey,Yes,19.4,78.9,38.86,1381.0,5.62,34.6,26.9
COW_0336,4,Brown Swiss,No,11.7,87.9,39.06,1856.0,5.77,28.7,34.6
COW_0337,3,Holstein,No,35.7,74.8,39.06,1446.0,6.9,24.2,56.9
COW_0338,10,Holstein,No,11.0,69.8,39.02,1670.0,6.46,27.0,59.2
COW_0339,9,Holstein,No,27.0,63.0,39.58,1589.0,6.34,27.7,50.9
COW_0340,11,Holstein,No,21.5,58.2,39.23,1555.0,5.98,32.4,46.2
COW_0341,8,Holstein,Yes,34.7,57.7,38.91,1673.0,5.41,23.8,25.0
COW_0342,10,Guernsey,Yes,16.4,71.8,39.02,2534.0,5.73,24.4,35.2
COW_0343,5,Jersey,Yes,23.8,77.6,39.15,2100.0,6.16,20.2,43.5
COW_0344,5,Holstein,Yes,22.5,73.9,39.01,1987.0,5.24,27.3,22.7
COW_0345,2,Holstein,Yes,28.3,49.9,38.82,1794.0,5.33,26.2,23.7
COW_0346,9,Jersey,Yes,11.8,64.7,38.85,2027.0,5.18,18.0,14.4
COW_0347,4,Brown Swiss,Yes,15.0,79.6,38.76,2220.0,4.74,25.0,13.9
COW_0348,8,Jersey,Yes,15.6,63.8,38.78,1895.0,5.19,34.3,32.9
COW_0349,3,Holstein,Yes,29.2,66.8,39.15,1468.0,5.72,27.7,33.0
COW_0350,3,Holstein,Yes,14.9,78.6,39.07,2171.0,6.28,28.2,45.0
COW_0351,8,Holstein,Yes,24.9,73.1,39.26,1702.0,6.19,24.4,38.1
COW_0352,7,Holstein,No,15.6,60.5,39.12,2275.0,5.38,15.5,46.6
COW_0353,4,Holstein,Yes,32.4,84.8,39.34,1693.0,5.88,24.4,43.2
COW_0354,10,Holstein,Yes,34.5,48.1,38.85,1609.0,5.48,31.3,42.3
COW_0355,11,Jersey,Yes,23.5,89.8,38.94,2075.0,6.0,19.1,37.0
COW_0356,7,Holstein,Yes,19.2,45.9,38.58,2029.0,4.96,33.2,13.1
COW_0357,11,Holstein,Yes,16.1,40.7,38.84,1881.0,5.47,18.3,20.8
COW_0358,11,Holstein,Yes,11.3,84.5,39.27,1272.0,5.81,25.8,34.9
COW_0359,7,Holstein,Yes,17.0,52.2,39.19,1967.0,5.14,29.4,34.6
COW_0360,2,Holstein,Yes,27.0,76.5,38.48,1649.0,5.09,26.0,20.5
COW_0361,5,Holstein,Yes,23.9,80.6,39.21,1429.0,6.14,36.3,44.0
COW_0362,11,Jersey,No,34.5,82.9,38.85,1310.0,6.52,20.5,60.3
COW_0363,7,Holstein,No,20.3,89.6,39.23,1760.0,5.64,22.0,38.7
COW_0364,7,Holstein,Yes,28.0,54.7,39.26,1129.0,5.57,26.1,39.3
COW_0365,6,Holstein,Yes,22.7,75.5,38.92,1681.0,5.58,22.7,30.0
COW_0366,2,Guernsey,Yes,23.3,45.8,38.95,2093.0,5.23,19.0,31.7
COW_0367,9,Jersey,Yes,17.0,60.3,39.01,1274.0,5.32,20.3,34.5
COW_0368,6,Jersey,No,21.8,82.4,38.93,1720.0,5.74,29.4,34.5
COW_0369,6,Holstein,Yes,22.2,58.4,38.79,1668.0,4.96,27.0,11.7
COW_0370,8,Holstein,No,28.4,69.6,39.39,1272.0,6.5,29.2,71.3
COW_0371,5,Holstein,Yes,34.5,65.2,39.04,2360.0,5.33,24.6,17.3
COW_0372,7,Holstein,No,18.6,72.3,39.29,987.0,6.44,26.2,59.0
COW_0373,5,Guernsey,Yes,11.1,88.6,38.68,2124.0,5.11,30.7,16.8
COW_0374,4,Holstein,No,22.9,42.8,39.22,1233.0,6.8,19.6,74.5
COW_0375,8,Guernsey,Yes,24.2,68.7,38.87,1417.0,6.0,20.2,47.7
COW_0376,9,Jersey,Yes,14.4,83.2,39.11,1374.0,5.57,17.6,27.9
COW_0377,5,Holstein,Yes,29.8,64.1,38.92,1967.0,5.92,29.0,30.3
COW_0378,3,Guernsey,Yes,35.6,43.9,39.02,1659.0,5.87,32.6,30.5
COW_0379,11,Holstein,No,34.6,68.0,39.56,1384.0,6.74,15.7,61.7
COW_0380,4,Holstein,No,15.1,56.6,39.18,1535.0,6.56,21.6,55.1
COW_0381,2,Holstein,No,32.8,47.7,39.14,1472.0,6.34,20.5,53.6
COW_0382,9,Holstein,Yes,28.3,82.5,39.14,946.0,6.01,27.0,40.9
COW_0383,4,Holstein,No,21.8,66.1,39.14,1443.0,5.95,23.0,44.2
COW_0384,11,Holstein,Yes,24.1,86.7,39.35,1943.0,5.68,32.0,31.1
COW_0385,8,Holstein,Yes,32.1,80.3,39.15,1230.0,5.55,24.7,24.6
COW_0386,11,Holstein,Yes,22.5,74.6,38.96,1408.0,5.59,20.6,22.4
COW_0387,6,Holstein,Yes,19.7,40.3,39.14,1606.0,5.38,24.2,30.2
COW_0388,11,Holstein,Yes,22.8,61.4,38.97,1454.0,5.72,24.1,29.3
COW_0389,6,Holstein,Yes,25.1,49.9,38.98,1739.0,5.41,29.5,29.4
COW_0390,8,Holstein,Yes,14.9,85.5,38.69,1486.0,5.16,26.5,16.9
COW_0391,10,Jersey,No,33.4,48.7,39.13,1344.0,6.35,24.8,57.7
COW_0392,6,Jersey,Yes,27.5,54.3,39.22,1654.0,5.64,21.6,30.5
COW_0393,2,Jersey,Yes,26.5,65.8,38.91,2068.0,5.16,26.1,20.0
COW_0394,11,Jersey,Yes,12.6,53.2,38.78,2329.0,5.35,23.8,10.2
COW_0395,11,Holstein,Yes,25.7,50.5,39.01,1601.0,5.74,21.5,31.3
COW_0396,2,Jersey,Yes,13.1,70.0,38.45,2673.0,4.88,36.6,10.4
COW_0397,3,Holstein,Yes,12.0,44.4,38.53,1868.0,5.06,25.0,14.3
COW_0398,7,Holstein,Yes,23.7,42.9,39.11,1926.0,5.78,23.6,34.6
COW_0399,10,Jersey,Yes,20.5,58.6,38.87,2411.0,5.89,32.1,26.0
COW_0400,9,Holstein,Yes,25.3,76.0,38.9,1803.0,5.32,30.7,25.6
COW_0401,6,Jersey,No,12.3,67.7,38.96,1247.0,5.63,34.9,29.0
COW_0402,2,Jersey,Yes,21.2,61.1,38.64,1926.0,4.79,31.3,19.8
COW_0403,8,Guernsey,Yes,14.5,68.3,38.92,1448.0,5.8,22.3,36.8
COW_0404,6,Guernsey,No,35.7,58.3,38.94,1477.0,5.74,34.1,47.1
COW_0405,7,Holstein,Yes,24.6,86.8,38.98,2372.0,5.93,29.0,40.0
COW_0406,8,Holstein,Yes,27.9,42.7,39.12,1272.0,5.98,25.0,37.5
COW_0407,4,Holstein,No,18.5,73.7,38.86,1718.0,6.18,25.2,46.1
COW_0408,11,Holstein,Yes,12.5,84.6,38.78,1537.0,5.23,29.2,11.5
COW_0409,4,Holstein,Yes,35.4,80.2,38.95,1662.0,5.29,25.7,23.3
COW_0410,6,Jersey,Yes,17.4,49.2,38.67,2109.0,5.11,20.2,14.2
COW_0411,7,Jersey,Yes,21.0,54.8,39.13,1877.0,5.91,35.6,29.3
COW_0412,10,Holstein,Yes,26.9,75.9,39.12,1495.0,6.51,24.1,53.2
COW_0413,6,Holstein,Yes,10.6,44.2,38.75,1635.0,5.2,29.4,11.0
COW_0414,2,Holstein,Yes,31.1,80.6,39.0,1787.0,5.66,36.4,34.0
COW_0415,5,Holstein,Yes,24.0,75.9,38.67,2344.0,5.93,23.0,26.8
COW_0416,6,Guernsey,Yes,17.2,76.5,39.06,1449.0,5.35,30.4,19.6
COW_0417,11,Holstein,Yes,11.6,45.0,38.77,2440.0,5.59,22.6,23.4
COW_0418,11,Holstein,Yes,14.2,75.9,38.84,2227.0,5.77,29.0,25.7
COW_0419,6,Holstein,Yes,33.3,74.0,39.21,2049.0,5.81,25.8,40.0
COW_0420,8,Holstein,Yes,27.8,81.5,39.3,1740.0,6.13,29.2,40.4
COW_0421,5,Holstein,No,16.5,42.1,39.15,1809.0,6.59,28.4,54.2
COW_0422,2,Holstein,Yes,11.7,41.2,38.61,1550.0,4.97,25.8,5.9
COW_0423,6,Holstein,Yes,28.0,58.7,39.15,1511.0,5.35,34.1,26.3
COW_0424,8,Holstein,Yes,24.9,47.4,39.01,2010.0,5.42,34.5,23.6
COW_0425,11,Holstein,Yes,20.5,67.9,38.89,1967.0,5.32,26.7,19.0
COW_0426,11,Jersey,No,19.5,85.9,39.05,1496.0,5.87,23.9,54.3
COW_0427,7,Holstein,Yes,15.6,59.6,38.76,917.0,5.34,25.1,14.3
COW_0428,6,Holstein,No,27.4,82.2,39.22,1382.0,6.45,22.1,53.2
COW_0429,5,Holstein,Yes,35.2,40.0,38.74,1377.0,5.67,20.8,22.4
COW_0430,3,Brown Swiss,Yes,14.6,48.4,38.61,1979.0,5.07,31.6,14.8
COW_0431,5,Holstein,Yes,25.5,41.5,38.88,1668.0,5.96,15.6,24.0
COW_0432,11,Jersey,No,21.0,56.4,39.58,1237.0,7.04,19.1,70.2
COW_0433,11,Holstein,Yes,21.6,85.4,38.83,2801.0,5.42,27.5,14.4
COW_0434,4,Holstein,Yes,16.6,44.8,38.95,2286.0,4.87,36.0,16.9
COW_0435,11,Holstein,Yes,31.5,70.3,39.17,1930.0,5.98,21.9,39.8
COW_0436,2,Holstein,Yes,22.6,62.6,38.79,2550.0,5.5,29.2,28.2
COW_0437,9,Brown Swiss,No,24.1,86.9,39.58,1639.0,6.7,21.8,64.0
COW_0438,6,Holstein,Yes,17.9,46.1,39.03,1440.0,5.73,30.9,32.4
COW_0439,5,Holstein,Yes,14.7,50.6,39.27,1322.0,6.09,26.6,51.1
COW_0440,9,Holstein,No,12.2,41.5,39.13,1767.0,6.39,26.9,52.6
COW_0441,8,Holstein,Yes,28.6,61.7,39.14,1007.0,5.76,23.3,34.3
COW_0442,3,Holstein,No,15.1,53.9,39.49,1426.0,6.4,18.1,63.4
COW_0443,2,Holstein,Yes,27.9,83.5,38.92,1016.0,5.35,29.3,36.1
COW_0444,5,Jersey,Yes,20.1,70.2,38.65,1906.0,5.06,25.5,10.2
COW_0445,9,Holstein,No,20.8,70.7,39.33,1691.0,7.01,22.7,59.3
COW_0446,3,Holstein,Yes,22.2,66.6,38.86,1981.0,5.55,30.1,17.0
COW_0447,4,Guernsey,Yes,19.6,44.6,38.85,2188.0,5.43,34.8,16.7
COW_0448,2,Holstein,Yes,12.6,62.3,38.72,2752.0,5.21,34.3,0.8
COW_0449,2,Brown Swiss,Yes,18.1,90.0,38.86,1864.0,5.25,25.0,12.8
COW_0450,4,Holstein,Yes,27.3,81.8,38.93,2628.0,5.83,19.9,34.1
COW_0451,6,Guernsey,No,27.3,84.7,39.09,1564.0,5.98,31.3,52.0
COW_0452,4,Holstein,Yes,17.4,81.2,38.77,2219.0,5.16,19.3,17.9
COW_0453,2,Jersey,Yes,22.0,45.2,38.87,1546.0,5.46,24.4,28.0
COW_0454,2,Brown Swiss,No,15.0,51.4,39.29,2081.0,5.85,27.4,46.3
COW_0455,9,Holstein,Yes,15.5,40.2,38.6,2271.0,4.8,37.7,11.9
COW_0456,11,Brown Swiss,Yes,10.6,55.2,39.0,2346.0,5.51,26.5,17.1
COW_0457,3,Holstein,Yes,33.3,45.4,39.16,1750.0,5.72,26.6,32.8
COW_0458,4,Holstein,No,15.5,63.6,39.34,1081.0,6.24,18.6,60.3
COW_0459,3,Holstein,Yes,15.9,73.9,38.86,1975.0,5.21,28.1,18.2
COW_0460,4,Holstein,No,17.3,83.7,38.89,1120.0,6.04,20.0,28.8
COW_0461,8,Holstein,No,13.3,77.5,39.01,1523.0,5.72,21.3,42.4
COW_0462,2,Holstein,Yes,26.6,86.9,38.73,1930.0,5.28,32.4,13.7
COW_0463,11,Holstein,Yes,12.0,42.7,39.56,2124.0,6.5,20.6,54.2
COW_0464,9,Jersey,No,13.5,40.6,39.1,1716.0,6.13,29.4,38.1
COW_0465,11,Jersey,Yes,26.8,73.1,38.83,1729.0,5.58,25.0,34.4
COW_0466,11,Holstein,No,18.8,54.5,39.34,1456.0,6.46,16.7,57.6
COW_0467,11,Holstein,No,28.4,52.7,39.57,997.0,6.83,26.5,69.9
COW_0468,3,Holstein,Yes,24.5,56.5,38.87,1827.0,5.49,20.1,21.1
COW_0469,4,Holstein,Yes,16.7,53.5,38.95,1941.0,5.13,25.2,5.0
COW_0470,10,Holstein,No,26.9,65.6,39.6,1076.0,6.96,20.3,70.4
COW_0471,8,Holstein,No,13.0,62.0,38.94,1241.0,6.51,30.1,46.1
COW_0472,5,Holstein,Yes,23.9,65.6,38.77,1635.0,6.03,24.6,25.3
COW_0473,11,Brown Swiss,Yes,21.4,73.6,39.09,1679.0,5.7,20.7,40.3
COW_0474,6,Holstein,Yes,17.0,59.4,38.65,1611.0,4.92,27.9,27.1
COW_0475,3,Holstein,Yes,25.7,52.6,39.08,1324.0,5.96,24.6,39.6
COW_0476,9,Holstein,Yes,32.7,48.3,38.72,1809.0,5.75,23.7,27.7
COW_0477,5,Holstein,Yes,36.0,57.5,39.11,1916.0,5.91,27.5,30.2
COW_0478,10,Holstein,Yes,25.8,77.1,39.19,1703.0,5.92,19.4,33.1
COW_0479,6,Holstein,Yes,20.5,77.8,38.88,1638.0,5.29,18.3,12.7
COW_0480,10,Holstein,Yes,15.9,73.3,38.69,2079.0,5.52,40.1,17.2
COW_0481,5,Holstein,Yes,16.7,51.7,38.98,1671.0,5.93,27.1,32.9
COW_0482,11,Brown Swiss,Yes,22.5,69.4,39.04,1230.0,5.66,25.7,42.2
COW_0483,6,Guernsey,Yes,19.5,68.5,38.57,2299.0,4.89,24.2,17.3
COW_0484,10,Holstein,Yes,33.8,64.2,38.96,1809.0,5.74,30.5,35.4
COW_0485,9,Holstein,Yes,19.6,67.5,38.93,1788.0,5.35,24.8,15.6
COW_0486,4,Holstein,Yes,19.7,64.6,38.82,1261.0,5.24,13.9,13.5
COW_0487,2,Holstein,Yes,20.0,68.3,38.98,1601.0,5.28,25.2,17.3
COW_0488,4,Holstein,No,31.8,75.8,39.53,1945.0,6.96,20.6,68.8
COW_0489,5,Holstein,Yes,26.9,45.5,38.99,1244.0,5.91,26.2,27.1
COW_0490,3,Holstein,No,26.0,77.5,39.17,1322.0,6.84,21.0,57.0
COW_0491,2,Holstein,Yes,18.7,46.8,38.79,1819.0,5.13,24.1,20.4
COW_0492,8,Holstein,Yes,31.3,43.3,38.82,1826.0,5.65,22.3,29.6
COW_0493,9,Brown Swiss,No,11.0,88.8,39.3,1021.0,6.47,21.4,54.7
COW_0494,8,Guernsey,Yes,32.6,87.8,38.97,1701.0,6.04,16.9,39.3
COW_0495,6,Jersey,Yes,23.3,43.0,38.85,1172.0,5.62,16.4,30.1
COW_0496,2,Holstein,Yes,20.4,62.2,38.98,1867.0,5.84,28.3,27.8
COW_0497,8,Guernsey,Yes,22.9,49.3,39.08,1475.0,5.63,26.6,34.7
COW_0498,8,Holstein,Yes,27.4,64.3,39.47,1206.0,6.58,26.8,57.3
COW_0499,10,Jersey,Yes,10.3,81.5,38.57,2147.0,5.89,26.4,14.7
COW_0500,4,Holstein,Yes,32.7,87.5,38.99,1636.0,5.53,20.0,35.3
COW_0501,10,Jersey,Yes,21.6,71.7,38.98,2001.0,5.37,17.0,15.2
COW_0502,2,Holstein,No,18.9,57.7,39.24,1862.0,5.53,21.3,36.9
COW_0503,2,Guernsey,Yes,13.6,70.2,38.38,2495.0,4.85,32.4,2.3
COW_0504,5,Guernsey,Yes,21.4,55.6,38.64,1461.0,4.83,37.4,8.8
COW_0505,10,Holstein,No,22.9,85.5,39.4,1795.0,6.57,23.8,47.5
COW_0506,7,Holstein,Yes,20.5,83.5,38.84,1803.0,5.47,20.7,21.1
COW_0507,4,Brown Swiss,Yes,27.6,67.9,38.83,1596.0,5.42,21.7,24.6
COW_0508,2,Holstein,Yes,20.9,56.2,38.54,1439.0,5.42,23.5,12.3
COW_0509,5,Guernsey,Yes,35.0,54.7,38.86,1902.0,5.79,23.8,37.4
COW_0510,10,Holstein,Yes,25.6,41.7,38.9,1291.0,6.34,29.9,51.3
COW_0511,4,Holstein,No,31.0,80.8,39.15,1758.0,5.78,30.5,46.1
COW_0512,10,Holstein,No,12.8,62.5,39.19,2294.0,5.96,24.5,35.9
COW_0513,8,Holstein,Yes,20.3,56.3,38.68,2149.0,5.62,28.3,28.9
COW_0514,5,Jersey,Yes,18.8,63.6,38.76,2438.0,4.98,24.2,8.0
COW_0515,4,Holstein,Yes,24.8,80.9,39.02,1521.0,5.18,17.8,20.3
COW_0516,11,Holstein,Yes,32.4,46.2,39.19,1793.0,6.17,32.7,52.2
COW_0517,6,Holstein,No,12.0,82.9,38.86,1252.0,6.28,13.4,43.6
COW_0518,6,Holstein,Yes,11.9,84.9,38.98,1678.0,5.83,17.0,24.4
COW_0519,4,Guernsey,Yes,32.1,87.3,39.14,2141.0,5.98,33.3,46.2
COW_0520,10,Brown Swiss,No,15.5,59.9,39.19,1353.0,5.91,23.9,52.9
COW_0521,5,Holstein,Yes,27.4,50.9,39.13,1886.0,6.11,18.5,51.6
COW_0522,6,Jersey,Yes,24.1,58.7,38.93,2120.0,5.42,30.5,28.3
COW_0523,5,Jersey,Yes,31.7,56.6,38.98,2157.0,5.61,31.2,23.0
COW_0524,6,Holstein,No,13.3,48.8,39.46,1215.0,5.93,18.4,43.5
COW_0525,8,Brown Swiss,Yes,13.4,70.4,38.79,2065.0,5.02,25.2,14.6
COW_0526,10,Holstein,No,24.5,63.8,39.58,1391.0,6.83,26.4,60.8
COW_0527,8,Holstein,Yes,34.6,83.3,39.29,1856.0,6.32,19.8,51.9
COW_0528,6,Guernsey,No,20.8,41.6,39.0,1130.0,5.88,27.3,34.2
COW_0529,11,Holstein,No,18.5,72.2,39.22,1666.0,5.76,30.9,44.1
COW_0530,11,Jersey,Yes,25.8,78.1,39.04,1601.0,5.65,12.4,49.4
COW_0531,8,Guernsey,Yes,34.2,78.0,39.11,994.0,5.53,23.6,39.0
COW_0532,11,Holstein,Yes,31.8,84.3,38.74,1374.0,5.71,26.9,31.3
COW_0533,6,Guernsey,Yes,35.9,76.5,38.82,1101.0,5.76,17.0,26.7
COW_0534,4,Holstein,Yes,10.6,86.4,38.9,1527.0,4.88,24.3,33.2
COW_0535,8,Holstein,Yes,12.9,56.6,38.98,2050.0,5.67,33.8,12.4
COW_0536,3,Holstein,Yes,25.8,65.2,39.13,1831.0,5.58,23.1,24.8
COW_0537,10,Guernsey,Yes,31.3,40.7,39.03,1704.0,6.23,17.8,35.8
COW_0538,11,Holstein,Yes,17.4,40.3,38.96,1385.0,5.36,32.7,27.5
COW_0539,11,Holstein,Yes,16.2,52.0,38.93,2280.0,5.35,30.7,12.0
COW_0540,2,Jersey,Yes,30.5,45.0,38.69,1775.0,5.5,26.7,23.3
COW_0541,7,Jersey,No,11.5,53.0,39.07,1705.0,5.96,25.4,31.1
COW_0542,8,Jersey,Yes,19.6,48.9,38.64,2231.0,5.12,34.2,17.8
COW_0543,9,Holstein,Yes,23.2,41.4,38.99,1352.0,5.9,27.3,35.2
COW_0544,11,Holstein,No,24.6,85.5,39.35,1450.0,6.99,24.6,64.2
COW_0545,10,Holstein,Yes,28.9,40.4,39.15,1772.0,5.78,21.6,44.0
COW_0546,3,Jersey,No,19.2,76.8,39.01,1561.0,5.63,16.5,23.7
COW_0547,11,Holstein,Yes,25.9,47.6,39.38,1715.0,5.83,26.5,47.4
COW_0548,3,Holstein,Yes,25.2,85.6,38.96,1934.0,5.7,32.8,26.0
COW_0549,6,Brown Swiss,Yes,24.2,84.6,39.07,1631.0,6.33,24.4,44.9
COW_0550,6,Holstein,Yes,26.7,72.7,39.2,1713.0,5.24,31.6,19.4
COW_0551,7,Brown Swiss,Yes,16.7,73.6,38.64,1984.0,5.41,25.4,17.4
COW_0552,4,Jersey,Yes,12.2,40.3,39.21,2006.0,5.85,26.0,32.7
COW_0553,9,Jersey,Yes,13.1,89.2,38.84,1812.0,5.46,36.7,20.8
COW_0554,2,Holstein,Yes,15.8,83.9,38.76,2378.0,5.02,27.5,8.8
COW_0555,7,Holstein,Yes,23.0,84.8,38.88,1985.0,5.47,24.8,24.0
COW_0556,5,Jersey,Yes,31.9,73.0,38.85,1115.0,5.51,16.6,29.9
COW_0557,2,Jersey,Yes,28.2,57.2,39.01,1255.0,5.57,30.3,35.2
COW_0558,8,Jersey,Yes,30.5,84.7,39.08,2170.0,5.57,22.9,22.4
COW_0559,10,Holstein,No,19.1,54.6,39.21,1515.0,5.77,25.3,49.3
COW_0560,5,Jersey,Yes,20.5,68.1,38.91,1759.0,5.71,24.4,35.7
COW_0561,5,Jersey,No,20.2,45.0,39.58,2055.0,6.21,23.4,30.3
COW_0562,7,Jersey,No,15.0,86.1,39.18,1700.0,5.62,25.4,35.4
COW_0563,4,Jersey,Yes,11.6,47.0,38.84,1938.0,4.73,28.7,8.8
COW_0564,7,Jersey,Yes,25.4,51.2,38.94,1409.0,5.68,32.2,33.1
COW_0565,8,Holstein,Yes,35.7,67.9,38.89,1835.0,5.53,34.1,33.7
COW_0566,11,Holstein,Yes,14.3,78.2,38.97,1888.0,5.43,29.2,33.1
COW_0567,11,Holstein,Yes,11.2,71.0,39.17,1498.0,5.79,32.5,34.3
COW_0568,4,Holstein,Yes,30.3,51.6,38.86,1381.0,5.58,30.3,35.0
COW_0569,8,Holstein,Yes,16.6,40.0,38.85,2581.0,5.6,28.5,37.2
COW_0570,4,Holstein,Yes,31.6,77.9,39.27,1529.0,6.21,31.1,43.0
COW_0571,3,Holstein,Yes,28.3,89.3,39.01,1495.0,5.25,19.5,35.0
COW_0572,11,Holstein,Yes,34.6,80.5,38.83,1987.0,5.17,22.9,24.1
COW_0573,5,Holstein,No,20.6,63.0,39.02,1543.0,6.34,20.2,52.1
COW_0574,9,Jersey,Yes,27.2,85.2,39.41,1215.0,5.71,22.6,50.1
COW_0575,10,Guernsey,Yes,22.1,60.5,38.87,2011.0,5.07,31.6,13.3
COW_0576,8,Holstein,Yes,26.4,66.2,38.84,1381.0,5.39,19.8,39.3
COW_0577,2,Brown Swiss,Yes,21.7,63.9,38.72,2323.0,5.41,29.6,22.2
COW_0578,4,Holstein,Yes,14.9,62.4,38.68,2090.0,5.21,25.3,15.1
COW_0579,10,Holstein,Yes,23.2,78.8,39.07,1631.0,5.68,24.5,27.5
COW_0580,2,Holstein,Yes,23.7,66.3,39.07,1753.0,6.28,27.3,25.7
COW_0581,10,Holstein,Yes,31.1,55.8,39.17,2009.0,6.0,34.8,39.3
COW_0582,9,Jersey,No,29.1,52.9,39.41,1273.0,6.97,16.9,86.5
COW_0583,2,Jersey,No,27.3,41.9,39.3,2134.0,6.06,22.9,59.3
COW_0584,7,Holstein,Yes,12.9,69.2,39.13,2161.0,6.22,21.0,23.2
COW_0585,6,Holstein,Yes,28.7,51.5,39.16,1902.0,5.9,22.6,22.1
COW_0586,7,Holstein,Yes,23.0,47.4,39.18,1303.0,6.18,19.3,50.7
COW_0587,11,Holstein,Yes,33.2,72.7,39.36,1647.0,5.76,27.2,33.7
COW_0588,6,Holstein,Yes,33.9,74.1,39.0,1939.0,5.59,29.2,27.6
COW_0589,7,Holstein,Yes,11.4,77.6,39.11,1448.0,5.26,30.1,32.3
COW_0590,6,Jersey,No,31.3,65.2,39.25,1911.0,6.34,20.0,52.2
COW_0591,6,Guernsey,Yes,11.0,84.7,38.73,1462.0,5.39,30.3,21.4
COW_0592,5,Holstein,Yes,19.5,86.8,38.76,1555.0,5.25,27.7,30.6
COW_0593,4,Guernsey,Yes,24.1,80.4,38.93,1571.0,5.38,26.6,25.5
COW_0594,4,Holstein,Yes,13.9,71.8,38.65,2229.0,5.36,22.0,10.4
COW_0595,5,Holstein,Yes,29.4,55.2,38.58,1523.0,5.34,28.4,12.6
COW_0596,10,Holstein,No,10.2,89.1,38.95,1037.0,6.5,25.9,46.7
COW_0597,3,Holstein,Yes,14.4,53.7,39.0,2023.0,5.42,26.0,31.6
COW_0598,10,Brown Swiss,Yes,25.1,50.1,39.1,1554.0,5.59,28.2,36.7
COW_0599,2,Holstein,Yes,28.6,62.1,38.79,1458.0,4.86,32.0,17.7
COW_0600,2,Holstein,Yes,33.8,42.8,39.12,1363.0,5.73,19.3,43.5
COW_0601,6,Holstein,Yes,28.3,88.9,38.74,2401.0,5.25,26.0,23.2
COW_0602,7,Holstein,Yes,27.5,69.4,39.1,1414.0,6.04,27.6,40.4
COW_0603,7,Guernsey,Yes,20.3,67.8,38.91,1872.0,5.12,27.4,5.7
COW_0604,4,Holstein,No,10.0,72.8,39.17,1445.0,5.92,29.2,45.1
COW_0605,8,Holstein,Yes,13.1,64.9,38.8,1266.0,5.24,26.2,44.4
COW_0606,10,Holstein,Yes,23.9,41.6,38.78,1469.0,6.03,16.0,35.8
COW_0607,11,Holstein,Yes,27.6,70.6,39.08,1264.0,5.64,30.5,29.0
COW_0608,9,Holstein,No,20.9,75.8,39.17,1839.0,5.94,23.4,51.7
COW_0609,7,Jersey,Yes,29.0,60.8,38.97,1746.0,5.77,16.9,32.5
COW_0610,9,Holstein,Yes,23.6,77.9,39.05,2381.0,6.12,23.3,44.9
COW_0611,6,Jersey,Yes,11.9,51.4,39.06,1467.0,5.62,19.5,28.3
COW_0612,9,Jersey,Yes,15.0,51.1,38.85,1476.0,5.52,31.2,26.0
COW_0613,11,Jersey,Yes,31.8,48.1,39.25,1951.0,6.09,23.1,59.7
COW_0614,5,Holstein,No,28.8,58.6,39.26,1710.0,6.82,18.1,62.1
COW_0615,11,Holstein,Yes,33.3,82.4,39.12,1845.0,5.44,30.4,39.7
COW_0616,9,Holstein,Yes,13.1,81.4,38.83,1404.0,5.25,29.9,27.7
COW_0617,11,Jersey,Yes,35.7,59.1,39.07,2314.0,5.85,25.0,33.8
COW_0618,3,Holstein,No,15.4,69.5,38.98,1561.0,6.4,18.4,41.3
COW_0619,6,Holstein,Yes,10.3,76.0,39.13,1642.0,5.83,22.7,24.2
COW_0620,10,Holstein,Yes,35.9,52.1,39.23,2051.0,6.09,21.2,37.9
COW_0621,5,Holstein,Yes,17.3,48.4,38.46,1881.0,5.06,32.8,14.4
COW_0622,7,Holstein,Yes,27.4,88.6,38.83,1334.0,5.23,17.6,35.3
COW_0623,2,Holstein,Yes,14.6,70.9,38.75,1955.0,5.34,28.9,6.0
COW_0624,10,Jersey,Yes,25.1,89.1,38.89,1380.0,6.28,23.9,48.7
COW_0625,2,Holstein,Yes,33.5,56.9,38.82,726.0,5.18,33.4,21.4
COW_0626,6,Holstein,Yes,18.3,75.2,38.84,1536.0,5.45,29.5,13.8
COW_0627,5,Holstein,Yes,27.4,51.1,38.86,1596.0,5.39,30.0,33.5
COW_0628,4,Holstein,Yes,14.9,53.1,39.16,1261.0,6.29,22.6,43.3
COW_0629,7,Holstein,Yes,26.2,65.6,38.84,1947.0,5.46,20.1,26.4
COW_0630,3,Jersey,No,18.7,56.0,38.7,1409.0,6.32,23.9,37.1
COW_0631,4,Holstein,No,15.5,48.4,39.14,1870.0,5.91,30.1,35.1
COW_0632,6,Jersey,No,18.1,53.1,39.34,1170.0,6.64,27.8,49.1
COW_0633,10,Holstein,No,14.6,41.8,39.61,1802.0,6.16,21.6,53.3
COW_0634,3,Holstein,Yes,33.4,75.2,38.85,1168.0,6.25,20.1,44.7
COW_0635,11,Jersey,Yes,20.3,64.6,39.04,933.0,5.32,21.1,20.6
COW_0636,9,Holstein,Yes,16.4,44.7,38.55,2265.0,5.58,26.8,20.9
COW_0637,3,Holstein,Yes,21.7,48.6,38.96,1598.0,5.25,29.8,8.6
COW_0638,6,Holstein,Yes,18.3,45.1,39.21,2158.0,6.65,31.9,46.9
COW_0639,8,Holstein,Yes,29.4,70.6,38.91,1849.0,5.97,26.1,35.3
COW_0640,9,Jersey,No,35.3,44.7,39.39,1736.0,6.54,26.2,50.3
COW_0641,2,Holstein,Yes,21.4,77.7,38.93,2043.0,5.65,21.8,30.6
COW_0642,7,Jersey,Yes,32.4,41.0,39.19,1624.0,6.22,24.7,49.9
COW_0643,2,Guernsey,No,24.7,52.5,39.31,1527.0,6.29,23.9,54.0
COW_0644,3,Holstein,Yes,14.1,84.5,38.91,2469.0,4.94,28.7,2.1
COW_0645,2,Guernsey,Yes,28.0,75.9,39.1,1873.0,5.37,27.6,17.4
COW_0646,6,Holstein,No,23.3,43.6,39.25,1233.0,6.44,23.1,59.4
COW_0647,11,Brown Swiss,Yes,26.9,81.1,39.34,1751.0,6.16,26.6,45.3
COW_0648,10,Holstein,Yes,33.1,64.7,39.15,938.0,5.87,30.8,38.2
COW_0649,7,Jersey,Yes,21.5,82.3,38.85,2091.0,5.78,13.9,44.0
COW_0650,2,Holstein,Yes,33.4,70.0,38.84,2211.0,5.87,32.5,31.2
COW_0651,2,Holstein,No,29.5,74.1,39.51,1956.0,6.16,16.0,51.9
COW_0652,3,Holstein,Yes,22.7,89.7,39.29,1873.0,6.38,25.1,59.1
COW_0653,10,Jersey,Yes,25.7,51.6,39.15,1673.0,5.37,38.3,23.8
COW_0654,4,Holstein,Yes,18.5,71.2,38.79,1793.0,5.43,27.5,20.0
COW_0655,2,Holstein,Yes,35.6,63.0,38.91,1286.0,5.85,27.0,30.4
COW_0656,6,Jersey,No,27.4,42.0,39.32,1978.0,6.36,21.5,63.8
COW_0657,8,Jersey,Yes,11.1,40.7,38.85,1612.0,5.99,30.8,20.9
COW_0658,7,Brown Swiss,Yes,18.5,46.0,38.62,1944.0,4.79,29.6,15.7
COW_0659,2,Jersey,Yes,26.2,72.5,38.68,1923.0,5.52,24.0,13.1
COW_0660,6,Brown Swiss,Yes,11.5,68.4,38.86,1378.0,5.34,27.8,11.8
COW_0661,6,Jersey,No,10.6,67.7,38.98,1090.0,5.95,19.9,39.8
COW_0662,7,Holstein,Yes,21.7,41.6,38.78,1870.0,5.25,27.6,15.7
COW_0663,4,Holstein,Yes,18.6,63.5,38.74,1746.0,5.19,26.5,4.1
COW_0664,6,Jersey,Yes,21.4,86.2,39.27,1505.0,6.47,24.4,60.6
COW_0665,8,Holstein,No,16.8,59.9,39.32,1931.0,5.89,21.1,48.0
COW_0666,6,Holstein,Yes,14.3,71.2,38.57,1982.0,5.2,27.4,14.6
COW_0667,6,Holstein,No,27.9,79.0,39.33,1748.0,6.25,23.6,58.7
COW_0668,6,Brown Swiss,Yes,23.4,79.2,38.98,1959.0,5.15,27.7,15.8
COW_0669,11,Holstein,No,15.2,66.0,39.35,1448.0,6.39,25.3,46.8
COW_0670,11,Holstein,Yes,18.3,82.9,38.72,1400.0,5.43,25.8,30.9
COW_0671,4,Holstein,Yes,25.4,59.6,39.33,1561.0,6.04,19.5,54.3
COW_0672,2,Holstein,Yes,11.9,84.4,38.99,1933.0,4.97,29.2,9.9
COW_0673,6,Holstein,Yes,13.8,52.0,38.85,2132.0,5.22,26.4,21.7
COW_0674,10,Holstein,No,11.9,54.0,39.2,1557.0,6.28,29.8,38.7
COW_0675,2,Holstein,No,31.1,42.7,39.43,1382.0,6.49,28.2,57.6
COW_0676,4,Jersey,Yes,29.6,79.8,38.92,1570.0,6.25,18.3,43.1
COW_0677,5,Holstein,Yes,29.6,60.9,39.13,1476.0,5.23,30.8,24.2
COW_0678,2,Jersey,Yes,28.6,51.5,39.14,2130.0,6.1,29.5,43.1
COW_0679,2,Guernsey,No,27.4,51.6,39.19,1985.0,6.7,18.2,46.7
COW_0680,9,Holstein,Yes,22.4,85.1,38.62,1360.0,5.53,30.4,24.4
COW_0681,3,Jersey,Yes,26.7,81.7,39.16,1937.0,6.04,30.2,38.1
COW_0682,9,Holstein,Yes,11.0,67.7,38.92,1146.0,5.54,22.3,21.4
COW_0683,8,Guernsey,Yes,26.2,70.8,39.45,1849.0,5.86,22.8,48.0
COW_0684,11,Holstein,Yes,30.2,63.7,39.1,1371.0,6.21,25.5,41.1
COW_0685,11,Jersey,Yes,23.0,59.6,38.82,1844.0,5.75,29.3,28.3
COW_0686,3,Holstein,Yes,19.3,85.8,38.74,1117.0,5.3,22.1,18.8
COW_0687,7,Holstein,No,17.2,46.3,38.95,1275.0,5.58,31.6,33.3
COW_0688,7,Holstein,Yes,26.7,60.9,38.83,1862.0,5.9,15.5,34.7
COW_0689,4,Jersey,Yes,28.0,57.2,39.11,1512.0,5.31,33.9,27.6
COW_0690,3,Jersey,Yes,32.6,64.9,39.11,1472.0,6.05,29.9,26.9
COW_0691,2,Holstein,No,18.9,62.9,38.95,2194.0,5.71,22.9,33.1
COW_0692,7,Holstein,Yes,30.0,65.9,38.88,2513.0,5.3,31.2,33.4
COW_0693,6,Holstein,Yes,24.6,47.0,38.95,1824.0,6.12,18.8,51.5
COW_0694,10,Jersey,Yes,33.0,65.7,39.18,1286.0,5.84,25.8,43.5
COW_0695,2,Holstein,Yes,23.7,52.1,39.41,2131.0,6.72,25.5,49.2
COW_0696,8,Guernsey,Yes,23.5,49.2,38.96,1139.0,5.65,26.6,42.7
COW_0697,6,Holstein,No,25.0,43.2,39.26,1400.0,6.36,19.3,63.1
COW_0698,6,Holstein,No,29.5,78.1,39.3,1541.0,6.15,21.3,55.2
COW_0699,3,Holstein,Yes,35.1,61.4,39.42,2187.0,6.23,25.0,47.1
COW_0700,4,Holstein,Yes,11.9,71.3,38.84,2175.0,5.17,23.8,18.2
COW_0701,8,Holstein,No,11.4,76.4,39.58,1169.0,6.73,21.6,77.2
COW_0702,7,Holstein,Yes,34.4,74.0,38.95,1423.0,5.51,23.4,25.2
COW_0703,3,Jersey,No,23.8,63.5,39.03,1820.0,6.23,28.3,57.4
COW_0704,7,Holstein,Yes,26.0,59.4,38.8,1504.0,5.64,33.8,31.3
COW_0705,3,Holstein,No,22.5,58.8,38.96,1714.0,5.78,23.7,46.1
COW_0706,3,Holstein,No,12.4,72.0,39.1,1265.0,5.9,31.4,28.1
COW_0707,3,Holstein,No,30.0,64.7,39.26,1635.0,6.38,21.9,70.6
COW_0708,4,Holstein,Yes,29.4,82.5,38.79,1974.0,5.15,22.2,19.7
COW_0709,3,Holstein,Yes,18.1,83.7,38.83,1327.0,5.41,24.6,27.1
COW_0710,5,Holstein,No,18.0,48.5,39.04,1998.0,5.88,25.9,36.8
COW_0711,10,Holstein,Yes,31.8,46.8,39.26,1887.0,5.4,16.7,30.3
COW_0712,7,Holstein,Yes,11.9,71.5,38.76,2141.0,5.63,31.7,19.3
COW_0713,2,Holstein,Yes,32.9,55.1,38.91,1555.0,6.0,26.2,30.9
COW_0714,9,Holstein,No,16.7,40.9,39.07,1712.0,6.24,30.4,35.9
COW_0715,8,Holstein,No,25.4,84.4,39.52,1525.0,6.43,26.3,57.2
COW_0716,11,Brown Swiss,Yes,34.3,51.3,38.97,1617.0,5.32,26.2,40.1
COW_0717,4,Holstein,No,27.6,86.5,39.19,1472.0,6.98,20.7,58.5
COW_0718,2,Jersey,Yes,20.8,75.9,38.64,2395.0,4.85,37.6,11.9
COW_0719,6,Holstein,Yes,27.9,78.1,38.96,2123.0,5.39,38.2,28.5
COW_0720,5,Jersey,Yes,18.9,50.1,38.95,1383.0,5.43,25.6,17.3
COW_0721,11,Jersey,Yes,17.2,51.7,39.09,2087.0,5.94,32.1,25.3
COW_0722,9,Holstein,Yes,35.9,66.1,38.95,2003.0,6.25,21.4,34.3
COW_0723,2,Brown Swiss,No,29.5,48.6,39.2,1398.0,6.76,19.9,68.9
COW_0724,11,Holstein,Yes,26.8,55.3,39.32,1570.0,6.51,20.6,68.0
COW_0725,2,Holstein,Yes,19.2,56.1,38.74,2168.0,4.8,33.7,0.5
COW_0726,5,Jersey,No,11.3,48.0,39.02,1282.0,6.3,18.8,53.8
COW_0727,9,Jersey,Yes,10.8,50.3,38.68,1732.0,5.16,37.1,11.6
COW_0728,6,Holstein,No,24.4,79.4,39.11,1787.0,6.41,28.6,53.3
COW_0729,3,Holstein,Yes,29.8,48.4,39.0,1629.0,5.61,31.1,19.4
COW_0730,7,Holstein,No,24.0,41.4,39.25,1876.0,6.29,22.8,46.4
COW_0731,6,Holstein,Yes,31.9,71.5,39.11,2171.0,5.03,30.7,29.7
COW_0732,3,Jersey,No,10.9,88.8,39.34,1960.0,6.09,12.3,42.4
COW_0733,4,Holstein,Yes,19.5,56.6,38.62,2720.0,4.93,31.9,11.3
COW_0734,10,Holstein,Yes,16.2,45.9,38.9,1611.0,5.96,26.0,43.5
COW_0735,8,Holstein,No,21.6,68.5,38.88,1716.0,5.68,15.8,38.5
COW_0736,8,Holstein,Yes,11.9,85.3,38.44,2038.0,4.73,31.2,13.6
COW_0737,7,Holstein,Yes,34.8,79.2,38.83,1753.0,5.62,30.2,18.6
COW_0738,9,Holstein,Yes,15.8,71.1,38.7,2082.0,5.09,17.9,8.6
COW_0739,5,Brown Swiss,Yes,34.0,55.8,39.24,1060.0,6.15,18.9,45.1
COW_0740,9,Jersey,Yes,21.1,67.1,38.97,1791.0,5.5,37.1,34.0
COW_0741,5,Holstein,Yes,35.6,44.6,38.89,1249.0,6.01,25.3,31.8
COW_0742,9,Guernsey,Yes,24.4,73.9,39.08,1315.0,6.2,29.9,33.7
COW_0743,10,Jersey,Yes,34.2,76.3,39.05,1769.0,6.3,29.3,46.6
COW_0744,4,Jersey,Yes,10.1,88.3,38.98,1757.0,5.28,29.9,20.5
COW_0745,4,Holstein,Yes,29.5,53.0,38.85,1963.0,5.87,31.7,40.5
COW_0746,3,Holstein,Yes,33.5,40.9,38.9,1573.0,6.0,14.6,44.3
COW_0747,11,Holstein,Yes,13.6,67.3,38.95,2234.0,5.39,26.4,25.3
COW_0748,4,Holstein,Yes,12.5,75.3,38.75,1857.0,5.22,14.7,6.9
COW_0749,4,Holstein,No,21.0,79.5,38.84,991.0,6.31,16.3,42.7
COW_0750,6,Holstein,Yes,34.3,49.7,39.11,1793.0,5.37,23.4,27.4
COW_0751,6,Holstein,Yes,24.1,53.1,38.8,999.0,5.27,23.3,29.9
COW_0752,3,Jersey,Yes,23.7,65.6,38.97,1194.0,5.59,26.0,35.0
COW_0753,11,Holstein,Yes,13.7,56.5,38.89,1483.0,5.04,27.2,24.9
COW_0754,7,Holstein,Yes,10.0,83.0,38.87,1488.0,5.21,28.9,15.3
COW_0755,6,Brown Swiss,Yes,31.1,63.7,39.12,1478.0,6.01,26.3,39.0
COW_0756,7,Guernsey,Yes,12.3,80.0,38.78,1474.0,5.22,30.0,15.0
COW_0757,2,Jersey,Yes,26.5,69.0,38.73,1334.0,5.12,22.7,16.9
COW_0758,6,Brown Swiss,Yes,33.8,78.7,39.1,2187.0,6.1,21.9,40.5
COW_0759,10,Holstein,Yes,15.4,56.6,38.81,1580.0,5.37,27.5,14.1
COW_0760,11,Brown Swiss,Yes,27.3,81.6,39.37,902.0,6.04,24.9,35.3
COW_0761,3,Holstein,Yes,12.0,53.7,38.82,1767.0,5.39,22.5,12.3
COW_0762,2,Holstein,No,25.7,67.3,39.05,1206.0,6.15,29.3,55.1
COW_0763,11,Holstein,Yes,14.3,50.7,38.77,1499.0,5.87,31.6,26.6
COW_0764,10,Holstein,Yes,29.1,63.8,39.18,1797.0,6.02,20.1,42.5
COW_0765,11,Holstein,No,17.8,55.9,39.27,1493.0,6.42,24.2,38.4
COW_0766,10,Holstein,Yes,22.0,53.3,39.0,1430.0,5.0,39.4,9.8
COW_0767,10,Jersey,Yes,25.6,88.3,38.95,1848.0,5.87,26.8,31.5
COW_0768,7,Holstein,No,14.5,48.0,39.01,1949.0,5.93,26.4,50.7
COW_0769,9,Holstein,No,29.3,79.4,39.11,1660.0,6.64,20.5,55.6
COW_0770,2,Jersey,Yes,17.9,89.2,38.8,958.0,5.05,26.6,11.7
COW_0771,11,Holstein,Yes,27.2,41.0,39.42,1278.0,5.98,32.9,41.6
COW_0772,5,Holstein,Yes,14.1,75.0,39.0,1776.0,5.39,27.4,23.6
COW_0773,2,Jersey,No,27.9,52.6,39.09,1379.0,6.75,22.3,67.5
COW_0774,9,Holstein,Yes,13.3,42.0,38.89,1590.0,5.56,26.1,33.2
COW_0775,2,Holstein,Yes,21.1,60.1,38.53,1594.0,5.27,45.0,0.5
COW_0776,4,Guernsey,No,16.4,86.8,39.17,1065.0,6.16,23.3,59.9
COW_0777,5,Holstein,Yes,29.5,40.6,38.86,2465.0,5.21,22.3,30.6
COW_0778,9,Holstein,Yes,16.8,69.4,39.14,1645.0,6.17,21.9,46.8
COW_0779,7,Guernsey,Yes,32.9,65.1,39.39,1674.0,6.26,26.7,56.5
COW_0780,11,Jersey,Yes,33.2,83.7,39.19,1684.0,5.79,18.4,39.7
COW_0781,8,Holstein,No,15.1,44.2,39.24,1591.0,6.04,26.6,47.4
COW_0782,9,Holstein,Yes,26.0,74.1,38.71,1676.0,5.41,22.2,31.2
COW_0783,3,Holstein,No,12.3,74.0,38.82,1332.0,5.66,16.5,28.4
COW_0784,11,Holstein,Yes,20.2,73.5,38.77,1292.0,5.57,22.5,11.9
COW_0785,9,Holstein,Yes,28.5,87.1,38.99,1861.0,5.9,26.5,27.3
COW_0786,4,Holstein,No,27.1,81.2,39.41,1548.0,6.44,29.7,60.9
COW_0787,8,Brown Swiss,Yes,26.2,42.1,39.15,1889.0,6.35,29.0,48.3
COW_0788,4,Holstein,Yes,17.3,63.6,38.83,2102.0,5.06,26.1,13.7
COW_0789,8,Holstein,Yes,19.8,59.9,38.81,1567.0,5.13,33.7,7.6
COW_0790,3,Holstein,No,12.7,55.5,39.14,1925.0,6.24,22.5,43.3
COW_0791,11,Jersey,Yes,28.7,62.6,39.04,1934.0,5.77,18.2,32.8
COW_0792,7,Holstein,Yes,23.1,59.2,39.32,1809.0,6.02,24.6,44.5
COW_0793,4,Holstein,Yes,28.4,61.6,39.11,2328.0,5.73,17.3,48.5
COW_0794,4,Jersey,Yes,16.5,89.0,38.93,2468.0,5.05,30.9,25.3
COW_0795,10,Holstein,No,18.4,44.4,39.07,1868.0,6.12,29.3,46.5
COW_0796,8,Holstein,Yes,18.7,86.1,39.1,1970.0,5.58,22.2,18.9
COW_0797,6,Holstein,Yes,10.7,64.0,38.8,2098.0,5.88,27.1,29.2
COW_0798,11,Holstein,Yes,18.9,71.2,39.09,1618.0,5.21,28.5,21.8
COW_0799,8,Holstein,Yes,30.9,81.5,38.78,1535.0,5.46,31.0,33.2
COW_0800,10,Holstein,No,33.3,58.0,39.13,1734.0,6.27,17.8,51.1
COW_0801,2,Holstein,Yes,23.5,61.5,39.14,1391.0,6.02,28.8,39.8
COW_0802,8,Holstein,No,21.8,60.5,39.3,1780.0,6.01,18.1,48.6
COW_0803,7,Jersey,Yes,10.8,58.7,38.77,1770.0,5.88,30.3,28.8
COW_0804,11,Brown Swiss,Yes,32.9,86.3,38.85,1403.0,5.5,31.4,35.4
COW_0805,10,Jersey,No,10.3,81.4,39.24,1561.0,6.15,20.8,52.4
COW_0806,2,Guernsey,Yes,34.6,45.4,39.22,2265.0,5.42,33.9,20.2
COW_0807,5,Holstein,Yes,22.7,45.4,39.03,1845.0,5.68,18.9,27.4
COW_0808,10,Brown Swiss,No,18.9,61.4,39.07,1647.0,6.04,30.4,39.0
COW_0809,5,Holstein,Yes,34.0,44.9,38.5,1924.0,5.84,35.3,22.2
COW_0810,11,Brown Swiss,Yes,10.6,71.0,39.03,1843.0,5.43,27.6,29.7
COW_0811,4,Brown Swiss,Yes,25.1,47.2,39.25,1447.0,6.23,23.1,50.4
COW_0812,10,Jersey,Yes,24.3,66.1,39.05,1731.0,6.04,26.5,38.3
COW_0813,3,Brown Swiss,Yes,15.7,40.4,38.64,1478.0,5.36,24.9,13.2
COW_0814,5,Holstein,Yes,21.2,55.8,38.72,1620.0,4.82,44.3,1.6
COW_0815,7,Holstein,Yes,27.0,73.9,38.88,1460.0,6.2,22.8,38.0
COW_0816,3,Holstein,No,28.9,64.2,39.41,1757.0,6.03,31.3,45.2
COW_0817,9,Holstein,Yes,10.0,88.9,39.11,1842.0,5.2,23.1,28.3
COW_0818,9,Holstein,Yes,34.4,83.7,39.29,1515.0,6.17,31.8,47.8
COW_0819,2,Holstein,Yes,14.3,58.0,38.87,2055.0,5.33,38.4,26.1
COW_0820,4,Brown Swiss,Yes,16.1,42.3,38.58,2084.0,5.69,31.4,7.2
COW_0821,11,Holstein,Yes,16.9,82.3,38.86,1697.0,5.68,28.9,22.5
COW_0822,10,Jersey,No,11.0,85.6,39.38,1271.0,6.05,20.0,52.6
COW_0823,6,Guernsey,Yes,13.2,81.0,38.96,1530.0,5.3,21.8,16.9
COW_0824,7,Guernsey,No,35.6,46.4,39.32,1049.0,6.64,24.5,62.2
COW_0825,5,Brown Swiss,No,18.2,89.9,39.42,1531.0,6.64,30.0,58.7
COW_0826,11,Holstein,Yes,13.0,52.9,38.97,1474.0,4.75,24.1,22.1
COW_0827,3,Brown Swiss,Yes,12.8,76.2,38.88,1652.0,5.48,40.1,13.2
COW_0828,9,Jersey,Yes,28.7,85.4,39.19,1625.0,5.84,22.4,32.9
COW_0829,7,Holstein,Yes,32.2,51.8,39.22,1929.0,5.73,25.7,49.4
COW_0830,6,Holstein,No,16.7,85.4,39.24,1917.0,6.21,26.0,49.5
COW_0831,10,Jersey,No,10.5,55.5,39.61,1246.0,7.67,19.7,82.7
COW_0832,2,Holstein,Yes,15.8,88.8,38.68,2396.0,5.21,17.0,10.3
COW_0833,6,Holstein,Yes,11.5,54.1,38.62,1148.0,5.32,25.4,11.9
COW_0834,7,Jersey,No,12.7,87.7,38.97,2265.0,6.35,26.3,39.6
COW_0835,6,Holstein,No,21.2,42.7,38.8,1903.0,5.61,25.1,40.9
COW_0836,7,Holstein,Yes,16.0,75.5,38.68,1879.0,4.83,31.4,18.8
COW_0837,7,Jersey,Yes,23.4,66.6,38.83,1415.0,5.83,30.3,31.4
COW_0838,8,Holstein,Yes,16.6,63.9,38.71,1699.0,5.17,26.8,12.5
COW_0839,5,Holstein,No,34.5,51.2,39.73,1493.0,6.54,17.0,70.6
COW_0840,9,Holstein,Yes,33.6,75.3,38.96,1931.0,5.67,34.3,19.2
COW_0841,8,Holstein,Yes,24.7,49.5,39.11,1864.0,6.09,18.4,44.5
COW_0842,10,Guernsey,Yes,19.2,67.6,38.95,1512.0,5.48,23.7,25.0
COW_0843,8,Holstein,Yes,19.9,52.7,39.14,1444.0,5.31,22.4,23.5
COW_0844,4,Holstein,Yes,20.7,87.8,38.66,1961.0,5.1,32.7,4.7
COW_0845,4,Holstein,No,28.9,41.4,39.2,1759.0,6.28,29.9,50.3
COW_0846,9,Holstein,Yes,21.7,50.0,39.01,1685.0,5.3,24.9,32.1
COW_0847,6,Jersey,Yes,32.3,52.1,39.11,2264.0,5.55,27.8,25.0
COW_0848,5,Jersey,Yes,34.5,60.7,39.19,1723.0,5.36,28.4,33.4
COW_0849,9,Holstein,Yes,18.7,51.6,38.96,1780.0,5.65,36.8,24.9
COW_0850,7,Holstein,Yes,24.6,64.6,39.25,1871.0,5.5,16.3,33.5
COW_0851,3,Holstein,Yes,12.5,83.6,38.99,2145.0,5.91,30.2,25.4
COW_0852,5,Holstein,Yes,15.2,75.6,38.69,1398.0,4.96,31.0,4.3
COW_0853,5,Jersey,Yes,20.8,69.0,39.01,1417.0,5.21,25.6,26.6
COW_0854,7,Holstein,Yes,15.4,44.5,38.93,1696.0,5.47,29.3,27.1
COW_0855,7,Holstein,Yes,32.8,74.7,39.11,2508.0,6.02,27.4,48.1
COW_0856,2,Holstein,No,14.1,48.3,39.25,1542.0,6.03,27.9,33.6
COW_0857,9,Guernsey,No,21.8,79.3,39.15,1527.0,5.97,34.7,48.8
COW_0858,7,Brown Swiss,Yes,25.7,52.5,39.06,1822.0,5.84,25.6,42.2
COW_0859,4,Holstein,Yes,28.0,60.9,39.05,2106.0,5.64,27.0,27.8
COW_0860,10,Jersey,No,20.0,57.5,39.21,1588.0,5.96,23.0,54.5
COW_0861,3,Holstein,Yes,32.6,82.9,38.97,2173.0,5.22,29.8,28.2
COW_0862,9,Holstein,No,24.8,46.3,39.62,994.0,7.02,20.6,72.6
COW_0863,11,Jersey,No,21.4,68.3,38.99,1371.0,5.98,25.0,43.6
COW_0864,4,Guernsey,Yes,11.7,47.1,38.91,2235.0,5.42,27.6,24.1
COW_0865,6,Brown Swiss,Yes,22.1,75.2,39.19,1710.0,5.8,25.4,29.7
COW_0866,7,Holstein,No,31.3,85.3,39.16,1099.0,6.46,20.1,60.1
COW_0867,11,Holstein,Yes,26.0,61.7,39.24,1153.0,6.3,26.3,45.8
COW_0868,7,Jersey,Yes,31.6,64.4,38.76,1494.0,5.5,25.6,32.1
COW_0869,5,Holstein,Yes,22.8,86.4,39.24,1639.0,5.42,28.3,34.9
COW_0870,4,Holstein,Yes,13.1,66.0,39.08,1918.0,5.13,27.3,32.0
COW_0871,5,Holstein,Yes,10.4,64.4,38.73,1739.0,5.71,26.0,8.7
COW_0872,2,Jersey,Yes,17.9,68.9,39.07,2039.0,5.13,37.5,19.0
COW_0873,5,Holstein,No,28.1,74.5,39.46,1353.0,6.65,22.6,52.9
COW_0874,2,Holstein,Yes,30.5,45.3,38.96,2257.0,5.3,30.9,21.5
COW_0875,2,Guernsey,Yes,17.7,81.1,38.76,2946.0,4.94,25.2,0.5
COW_0876,11,Holstein,Yes,22.9,61.8,39.38,1408.0,6.15,14.1,47.0
COW_0877,7,Holstein,Yes,20.9,43.6,38.66,2024.0,5.89,24.8,20.7
COW_0878,6,Holstein,Yes,20.7,79.3,38.85,1981.0,5.38,15.9,22.5
COW_0879,5,Holstein,No,16.0,58.8,39.2,1638.0,5.93,23.4,46.1
COW_0880,4,Holstein,No,13.5,45.0,39.13,1758.0,5.77,31.1,52.5
COW_0881,2,Holstein,Yes,15.1,71.7,38.84,2049.0,5.7,23.1,18.7
COW_0882,7,Guernsey,Yes,11.4,84.0,38.94,1709.0,5.11,16.5,9.8
COW_0883,3,Holstein,Yes,15.2,84.4,38.59,2476.0,5.11,38.3,0.5
COW_0884,9,Brown Swiss,Yes,10.2,87.9,38.97,1785.0,5.9,23.7,31.5
COW_0885,11,Holstein,Yes,26.3,83.4,39.18,1360.0,6.32,22.9,56.2
COW_0886,6,Holstein,Yes,18.2,40.1,38.47,2823.0,5.29,33.1,13.1
COW_0887,8,Holstein,No,35.3,59.0,39.36,1481.0,6.15,26.0,55.9
COW_0888,11,Holstein,Yes,15.0,80.9,39.04,1749.0,5.6,29.4,34.5
COW_0889,3,Jersey,Yes,19.0,58.3,38.8,1920.0,5.54,33.1,18.9
COW_0890,9,Holstein,No,19.3,70.1,39.39,1265.0,6.94,13.4,80.5
COW_0891,3,Holstein,Yes,10.2,70.3,38.67,2096.0,5.17,20.8,11.4
COW_0892,5,Guernsey,Yes,31.8,58.3,39.06,1479.0,5.59,33.4,22.9
COW_0893,2,Guernsey,Yes,10.8,85.2,38.61,2227.0,4.99,25.2,4.3
COW_0894,6,Guernsey,Yes,34.4,65.2,38.98,1113.0,5.29,22.7,33.5
COW_0895,10,Holstein,No,33.2,63.2,39.41,1047.0,6.47,16.6,67.6
COW_0896,2,Jersey,Yes,23.9,89.9,38.61,2527.0,5.18,25.7,23.3
COW_0897,10,Holstein,No,24.1,64.7,39.49,1052.0,6.44,20.5,67.4
COW_0898,9,Holstein,Yes,27.0,48.9,38.81,1035.0,5.83,21.2,30.6
COW_0899,7,Holstein,Yes,20.1,65.7,38.67,1388.0,5.59,22.0,13.2
COW_0900,8,Holstein,No,26.8,80.7,39.17,1961.0,6.83,24.2,65.1
COW_0901,4,Holstein,Yes,11.2,78.8,38.77,1187.0,5.18,23.5,18.0
COW_0902,2,Holstein,Yes,11.4,79.4,38.59,1589.0,4.98,25.9,10.6
COW_0903,6,Guernsey,Yes,21.9,75.4,38.76,1332.0,5.28,16.0,5.1
COW_0904,3,Holstein,Yes,24.3,52.7,38.82,1636.0,5.79,36.6,33.6
COW_0905,6,Holstein,Yes,33.1,83.1,39.22,1501.0,5.69,30.0,38.4
COW_0906,9,Holstein,Yes,12.7,84.7,39.02,1610.0,5.94,24.4,22.9
COW_0907,10,Guernsey,Yes,31.4,49.7,39.03,2278.0,6.09,20.9,34.6
COW_0908,3,Holstein,Yes,15.5,46.5,38.6,1478.0,5.21,29.3,9.8
COW_0909,4,Holstein,No,20.2,88.8,39.22,1438.0,6.76,22.8,61.6
COW_0910,4,Jersey,Yes,18.2,83.4,39.03,1753.0,6.05,18.8,35.2
COW_0911,2,Jersey,No,20.4,84.7,38.74,1397.0,5.36,13.3,29.8
COW_0912,9,Holstein,Yes,13.9,84.3,38.71,1984.0,5.36,24.6,24.1
COW_0913,7,Jersey,Yes,23.1,67.1,39.45,1342.0,6.07,15.7,60.8
COW_0914,9,Jersey,No,30.8,72.3,39.36,1576.0,6.56,23.7,63.7
COW_0915,10,Jersey,Yes,21.5,67.3,39.2,1695.0,5.59,27.4,28.6
COW_0916,6,Holstein,Yes,22.8,42.6,39.0,984.0,5.82,20.6,27.9
COW_0917,4,Guernsey,Yes,32.1,77.3,38.93,2162.0,5.99,23.4,32.5
COW_0918,6,Holstein,Yes,28.4,65.3,39.16,2171.0,6.13,32.2,52.3
COW_0919,6,Holstein,Yes,22.8,72.4,38.95,1639.0,5.67,30.0,34.7
COW_0920,6,Holstein,Yes,16.7,65.1,38.7,1518.0,5.27,25.5,21.1
COW_0921,4,Holstein,No,33.0,64.6,39.31,1952.0,5.9,34.0,47.7
COW_0922,11,Holstein,Yes,25.0,48.6,39.06,2286.0,5.79,19.4,36.9
COW_0923,5,Jersey,No,15.7,53.9,39.14,1488.0,5.61,20.0,47.4
COW_0924,10,Holstein,No,17.0,47.9,39.27,1568.0,5.77,24.6,35.1
COW_0925,11,Holstein,Yes,30.9,49.8,39.3,1660.0,5.99,17.9,34.5
COW_0926,10,Holstein,Yes,11.1,88.6,39.04,1196.0,5.54,37.1,25.3
COW_0927,3,Holstein,No,35.8,47.7,39.4,1377.0,6.32,23.7,61.0
COW_0928,9,Brown Swiss,No,13.4,53.5,39.24,2154.0,6.04,20.8,41.3
COW_0929,9,Holstein,Yes,30.7,69.5,39.42,1543.0,5.79,26.8,44.2
COW_0930,8,Holstein,Yes,20.3,70.5,38.94,1449.0,5.33,28.5,22.7
COW_0931,9,Holstein,Yes,22.8,47.7,39.28,1569.0,7.31,21.0,66.4
COW_0932,4,Holstein,Yes,32.9,79.7,39.06,1475.0,6.19,19.7,30.9
COW_0933,7,Holstein,Yes,20.7,79.3,39.16,1628.0,5.9,18.1,36.4
COW_0934,2,Jersey,Yes,24.0,51.9,38.84,1272.0,5.76,37.5,25.9
COW_0935,8,Brown Swiss,Yes,11.3,54.4,38.72,1488.0,4.94,20.7,11.9
COW_0936,2,Holstein,Yes,10.1,86.9,38.81,2258.0,4.7,39.6,0.5
COW_0937,10,Jersey,Yes,16.4,81.3,38.59,1845.0,5.5,22.7,30.2
COW_0938,2,Jersey,Yes,27.7,74.9,38.85,1414.0,5.68,29.7,32.8
COW_0939,2,Jersey,Yes,13.2,44.1,38.68,1969.0,5.27,31.7,13.0
COW_0940,8,Holstein,Yes,13.0,60.9,38.79,1669.0,5.51,32.5,18.4
COW_0941,3,Holstein,Yes,20.7,68.0,38.81,1427.0,5.84,29.7,35.1
COW_0942,6,Holstein,Yes,26.8,49.4,38.87,2197.0,5.5,18.4,23.8
COW_0943,9,Jersey,Yes,28.5,62.4,39.23,1918.0,5.44,22.0,32.7
COW_0944,9,Jersey,No,14.6,70.1,39.17,1575.0,6.29,17.7,44.5
COW_0945,4,Holstein,Yes,12.1,56.4,38.79,2016.0,4.64,30.6,10.9
COW_0946,8,Holstein,Yes,34.5,79.0,39.02,1614.0,5.89,18.3,44.0
COW_0947,4,Guernsey,Yes,16.8,82.0,38.6,2096.0,5.32,17.4,10.1
COW_0948,7,Jersey,No,32.2,56.2,39.34,1296.0,6.48,22.8,56.1
COW_0949,7,Brown Swiss,Yes,32.5,81.9,39.39,1703.0,6.39,12.7,63.6
COW_0950,4,Jersey,Yes,30.1,45.2,38.95,1716.0,5.93,26.0,43.5
COW_0951,8,Holstein,Yes,14.4,81.9,38.73,1717.0,5.21,20.6,21.7
COW_0952,4,Holstein,Yes,31.4,47.6,39.46,1383.0,5.96,19.8,48.9
COW_0953,9,Jersey,Yes,30.0,44.1,38.8,2041.0,5.43,14.5,25.9
COW_0954,11,Holstein,Yes,25.5,72.1,39.2,1604.0,5.47,33.8,37.6
COW_0955,5,Holstein,Yes,18.8,63.6,38.74,1584.0,5.47,19.7,19.9
COW_0956,2,Jersey,Yes,16.8,85.4,38.86,1665.0,5.51,25.4,16.9
COW_0957,5,Holstein,Yes,13.2,58.2,38.88,2102.0,5.49,17.7,20.1
COW_0958,8,Jersey,Yes,23.3,54.4,38.67,1159.0,5.46,21.8,30.7
COW_0959,5,Holstein,No,25.2,65.0,38.94,1467.0,5.81,32.9,43.1
COW_0960,7,Brown Swiss,Yes,19.3,62.8,38.84,2221.0,5.34,29.4,17.4
COW_0961,10,Holstein,No,22.4,57.2,38.98,1580.0,5.95,21.5,31.3
COW_0962,2,Holstein,Yes,19.5,74.7,38.79,2078.0,4.86,29.4,0.5
COW_0963,6,Holstein,Yes,26.7,78.0,38.78,2054.0,5.7,22.9,30.4
COW_0964,8,Holstein,Yes,33.4,82.6,39.09,2000.0,6.17,25.5,32.6
COW_0965,2,Jersey,No,14.3,88.6,38.78,1563.0,5.8,30.1,22.7
COW_0966,5,Jersey,Yes,19.9,53.3,38.96,1649.0,6.25,24.2,34.8
COW_0967,7,Holstein,Yes,13.7,75.8,38.7,2135.0,5.72,28.6,25.0
COW_0968,3,Holstein,Yes,26.2,59.7,39.12,2164.0,5.78,28.9,19.3
COW_0969,11,Holstein,Yes,29.0,73.9,38.84,1642.0,5.55,24.0,38.5
COW_0970,6,Holstein,Yes,34.2,63.8,39.24,1492.0,6.48,20.0,52.6
COW_0971,11,Guernsey,Yes,17.3,89.7,38.77,1768.0,5.69,23.0,29.6
COW_0972,2,Jersey,Yes,34.7,76.4,39.52,1896.0,5.97,26.4,56.8
COW_0973,7,Jersey,Yes,11.6,87.6,38.94,2176.0,5.82,31.5,25.7
COW_0974,7,Jersey,Yes,25.7,81.7,39.09,1874.0,5.83,19.5,34.1
COW_0975,5,Holstein,Yes,11.5,85.1,38.98,1476.0,4.9,26.9,11.2
COW_0976,9,Guernsey,Yes,33.2,80.7,39.15,1519.0,5.92,21.0,42.6
COW_0977,5,Jersey,Yes,23.8,63.0,38.94,1694.0,5.31,31.3,36.6
COW_0978,9,Jersey,Yes,27.4,52.6,38.95,2251.0,5.39,24.2,28.3
COW_0979,9,Guernsey,Yes,31.6,58.5,39.23,1518.0,6.01,35.4,37.5
COW_0980,6,Holstein,No,13.9,41.0,38.99,2067.0,6.31,26.5,29.9
COW_0981,5,Jersey,No,11.0,66.2,39.01,1479.0,5.66,31.6,39.7
COW_0982,3,Holstein,No,32.9,65.3,39.58,1225.0,7.21,17.1,81.3
COW_0983,4,Holstein,Yes,18.2,66.3,38.74,2110.0,5.25,29.1,7.2
COW_0984,4,Holstein,Yes,13.4,88.7,38.69,2520.0,5.15,32.5,7.7
COW_0985,5,Brown Swiss,Yes,22.2,85.6,38.88,1564.0,6.13,19.9,42.5
COW_0986,5,Guernsey,Yes,25.6,48.1,39.28,809.0,5.86,25.6,34.6
COW_0987,11,Jersey,Yes,10.8,58.4,38.84,1199.0,5.92,32.2,18.2
COW_0988,6,Jersey,No,17.1,61.2,39.6,1442.0,6.93,20.1,75.1
COW_0989,5,Holstein,No,10.9,58.0,39.15,1131.0,5.62,20.5,41.5
COW_0990,11,Guernsey,No,20.9,79.9,38.97,1305.0,6.19,33.2,51.1
COW_0991,9,Holstein,Yes,33.3,66.2,39.24,1665.0,6.05,19.5,34.7
COW_0992,7,Holstein,Yes,35.5,68.6,39.22,796.0,6.1,24.9,49.4
COW_0993,7,Holstein,Yes,26.6,82.7,39.57,1317.0,6.62,19.2,67.2
COW_0994,9,Jersey,Yes,14.2,80.3,38.81,1399.0,5.19,22.5,23.8
COW_0995,8,Jersey,Yes,33.6,46.6,39.07,1210.0,5.3,30.3,31.1
COW_0996,11,Holstein,Yes,23.4,75.7,38.74,1425.0,5.36,24.9,34.4
COW_0997,11,Holstein,Yes,14.0,61.8,38.83,1392.0,5.13,29.1,27.9
COW_0998,9,Jersey,Yes,34.0,54.7,38.82,1847.0,5.94,14.2,36.4
COW_0999,3,Holstein,Yes,29.7,42.5,38.79,2253.0,4.74,30.4,15.0
COW_1000,10,Jersey,No,29.0,64.4,39.6,1211.0,6.79,17.8,72.1
COW_1001,2,Brown Swiss,Yes,28.4,57.8,38.89,1511.0,5.49,16.4,23.1
COW_1002,9,Holstein,No,15.2,52.6,39.32,1428.0,6.11,33.2,52.3
COW_1003,5,Holstein,Yes,15.5,74.7,38.84,1340.0,5.2,29.4,29.4
COW_1004,5,Jersey,Yes,27.9,78.5,39.15,1253.0,5.87,27.0,38.0
COW_1005,6,Jersey,Yes,15.7,52.2,39.09,1193.0,5.17,33.8,26.3
COW_1006,9,Holstein,Yes,21.4,42.5,38.9,1384.0,5.44,29.9,8.7
COW_1007,6,Brown Swiss,No,30.3,82.4,39.21,1991.0,6.2,19.6,54.9
COW_1008,9,Holstein,Yes,30.4,40.5,38.63,1500.0,5.58,25.6,27.1
COW_1009,11,Holstein,Yes,21.8,86.9,38.92,752.0,5.34,23.9,16.7
COW_1010,2,Jersey,Yes,30.6,71.4,38.96,1516.0,5.74,23.6,35.0
COW_1011,11,Guernsey,No,31.8,56.1,39.28,940.0,6.74,16.3,79.1
COW_1012,10,Holstein,Yes,27.0,52.3,38.96,1690.0,5.72,20.6,41.2
COW_1013,7,Jersey,No,15.9,40.5,39.22,1677.0,5.84,30.6,33.9
COW_1014,4,Holstein,Yes,17.1,51.8,38.64,1860.0,5.42,29.7,22.9
COW_1015,9,Holstein,Yes,18.2,46.9,39.13,1641.0,5.68,22.8,45.2
COW_1016,10,Holstein,Yes,13.0,70.6,39.0,1594.0,5.77,20.9,25.3
COW_1017,7,Guernsey,Yes,17.1,48.3,38.91,1224.0,5.95,24.2,35.2
COW_1018,8,Holstein,Yes,15.4,66.4,38.95,1782.0,5.57,18.2,24.3
COW_1019,2,Holstein,No,21.8,69.5,39.42,1886.0,6.38,24.8,52.9
COW_1020,6,Holstein,Yes,33.6,54.9,39.04,2227.0,5.98,29.9,43.9
COW_1021,6,Guernsey,Yes,12.7,41.8,39.03,1573.0,5.65,37.4,37.8
COW_1022,11,Jersey,Yes,28.7,41.9,39.14,1621.0,5.64,19.9,45.5
COW_1023,5,Jersey,Yes,27.9,41.3,39.27,1764.0,6.11,29.2,45.4
COW_1024,7,Holstein,Yes,12.5,77.0,38.97,2219.0,5.94,22.4,30.6
COW_1025,8,Holstein,Yes,34.0,55.9,38.98,1519.0,6.48,20.0,37.3
COW_1026,10,Holstein,Yes,24.8,79.8,39.03,1630.0,6.81,17.4,67.1
COW_1027,2,Jersey,Yes,19.5,61.6,38.61,1594.0,4.79,29.6,10.6
COW_1028,7,Guernsey,Yes,29.7,62.6,38.73,1893.0,5.3,22.0,26.4
COW_1029,8,Holstein,Yes,16.7,65.6,38.9,2212.0,5.83,24.6,16.7
COW_1030,4,Jersey,Yes,28.0,75.7,38.85,1322.0,5.42,24.7,21.5
COW_1031,9,Holstein,Yes,11.0,53.7,39.01,1488.0,5.86,21.7,34.2
COW_1032,6,Holstein,Yes,31.8,46.1,39.07,1961.0,5.66,21.2,33.6
COW_1033,10,Holstein,No,21.7,67.8,39.11,1703.0,6.7,12.1,59.8
COW_1034,6,Holstein,No,26.6,56.3,39.51,1804.0,6.5,23.7,55.3
COW_1035,10,Holstein,Yes,15.8,62.1,39.23,1958.0,5.62,26.0,22.5
COW_1036,11,Holstein,Yes,27.6,72.3,39.31,1538.0,5.64,21.3,40.4
COW_1037,5,Holstein,No,30.1,64.7,39.33,2197.0,6.35,25.4,54.2
COW_1038,10,Jersey,No,22.3,71.0,39.14,1635.0,6.08,31.4,37.9
COW_1039,6,Holstein,No,26.1,67.2,39.46,597.0,6.46,23.9,48.4
COW_1040,11,Holstein,Yes,21.9,77.0,38.82,1658.0,5.69,33.9,23.5
COW_1041,10,Jersey,Yes,33.2,75.3,38.94,1492.0,5.83,36.6,36.3
COW_1042,4,Holstein,No,22.9,66.7,39.18,1733.0,6.23,35.0,60.9
COW_1043,5,Holstein,Yes,31.9,73.9,38.98,1615.0,5.46,20.6,24.4
COW_1044,10,Jersey,Yes,30.8,83.7,39.0,1966.0,5.87,18.9,41.4
COW_1045,11,Holstein,Yes,20.7,61.6,38.8,2037.0,5.29,25.3,23.1
COW_1046,7,Holstein,Yes,16.0,60.6,38.65,1425.0,5.48,27.8,26.3
COW_1047,3,Holstein,Yes,20.6,78.2,39.06,1661.0,5.48,34.4,25.4
COW_1048,8,Guernsey,Yes,31.5,69.1,38.77,1440.0,5.88,29.3,30.3
COW_1049,3,Holstein,Yes,15.9,43.6,38.61,1961.0,5.05,21.7,13.4
COW_1050,3,Jersey,Yes,23.6,84.6,39.11,1481.0,5.35,23.5,23.4
COW_1051,2,Holstein,Yes,31.0,41.5,39.05,1822.0,5.35,27.0,30.9
COW_1052,4,Holstein,Yes,19.2,77.4,38.87,1739.0,5.36,19.6,18.3
COW_1053,7,Holstein,Yes,26.7,77.9,39.0,1679.0,5.65,26.5,26.8
COW_1054,9,Jersey,Yes,16.4,87.7,38.74,2586.0,5.42,21.2,14.0
COW_1055,10,Holstein,No,12.8,42.7,39.07,1450.0,6.38,16.2,52.3
COW_1056,8,Holstein,Yes,30.7,69.8,39.01,1012.0,6.21,20.5,36.2
COW_1057,5,Holstein,Yes,12.6,61.4,38.47,2315.0,5.11,31.4,9.9
COW_1058,7,Holstein,Yes,17.1,56.5,38.97,2106.0,5.3,28.9,22.9
COW_1059,6,Brown Swiss,No,32.2,44.5,39.18,950.0,6.06,24.8,47.7
COW_1060,9,Holstein,Yes,19.0,68.1,38.79,1505.0,5.32,32.0,25.2
COW_1061,2,Holstein,Yes,35.3,64.0,39.12,1945.0,5.88,32.0,22.2
COW_1062,2,Holstein,Yes,35.5,45.2,39.15,1828.0,6.37,26.4,35.2
COW_1063,7,Brown Swiss,Yes,17.0,70.6,38.95,1815.0,5.53,27.9,24.5
COW_1064,11,Holstein,No,11.1,76.9,39.15,1536.0,6.47,24.4,50.2
COW_1065,3,Holstein,No,28.3,78.4,39.22,1246.0,6.31,23.1,51.2
COW_1066,6,Jersey,Yes,21.7,85.3,39.03,911.0,5.67,15.1,27.3
COW_1067,2,Jersey,Yes,12.6,60.5,38.77,2661.0,4.75,35.0,18.9
COW_1068,8,Holstein,Yes,28.4,87.7,39.2,1397.0,5.61,28.5,33.3
COW_1069,2,Holstein,Yes,10.8,83.3,38.74,1935.0,4.99,21.4,17.7
COW_1070,5,Holstein,Yes,32.6,54.8,38.96,1622.0,5.88,33.0,29.8
COW_1071,10,Holstein,Yes,13.6,48.0,38.89,2182.0,5.25,24.7,14.0
COW_1072,2,Holstein,Yes,13.3,61.8,38.49,1984.0,5.47,28.6,11.5
COW_1073,5,Holstein,Yes,14.6,60.1,38.98,1876.0,5.59,33.2,15.3
COW_1074,7,Holstein,No,35.0,68.8,39.02,729.0,6.3,24.9,51.4
COW_1075,7,Holstein,Yes,28.0,69.2,39.03,1459.0,5.51,33.8,23.4
COW_1076,9,Jersey,No,30.8,77.5,39.2,1697.0,6.85,21.4,54.3
COW_1077,2,Brown Swiss,Yes,20.3,65.5,38.75,2196.0,4.97,39.1,13.2
COW_1078,8,Holstein,Yes,18.7,45.2,39.06,1423.0,5.64,22.6,29.8
COW_1079,2,Holstein,Yes,16.1,82.9,38.8,1280.0,5.21,35.7,18.3
COW_1080,8,Holstein,Yes,22.5,55.5,38.6,1915.0,5.11,15.4,17.9
COW_1081,4,Brown Swiss,Yes,24.3,88.6,39.06,651.0,6.2,18.8,49.0
COW_1082,9,Holstein,Yes,26.4,45.9,39.01,1241.0,5.52,26.3,40.5
COW_1083,4,Holstein,No,16.7,87.9,38.75,2264.0,5.43,23.6,34.6
COW_1084,2,Holstein,Yes,34.7,44.6,39.09,2266.0,5.64,26.4,26.1
COW_1085,9,Holstein,Yes,14.4,51.6,38.79,2055.0,5.59,28.5,21.3
COW_1086,4,Holstein,No,35.1,42.3,39.16,1539.0,6.6,17.3,55.8
COW_1087,3,Holstein,Yes,10.4,75.3,39.06,1111.0,5.17,21.5,17.6
COW_1088,2,Holstein,Yes,22.5,82.5,38.66,1595.0,4.84,29.6,10.5
COW_1089,4,Brown Swiss,Yes,18.7,61.7,38.83,1750.0,5.43,24.4,19.9
COW_1090,3,Holstein,No,21.7,86.4,39.04,1349.0,5.98,30.9,54.6
COW_1091,3,Jersey,No,24.8,69.5,39.12,1283.0,6.89,20.9,70.2
COW_1092,7,Jersey,No,21.3,71.5,39.07,1880.0,6.48,26.6,58.0
COW_1093,2,Holstein,Yes,20.8,82.3,38.56,1767.0,4.98,32.4,2.4
COW_1094,3,Holstein,No,29.1,54.8,39.28,1482.0,6.08,21.6,47.3
COW_1095,7,Holstein,Yes,27.8,57.7,39.07,1933.0,5.88,15.6,38.2
COW_1096,4,Holstein,Yes,31.7,85.3,39.04,1208.0,5.74,31.9,36.5
COW_1097,5,Guernsey,Yes,16.5,85.0,38.56,1499.0,5.26,22.0,24.1
COW_1098,2,Guernsey,Yes,25.8,88.8,39.14,1484.0,5.37,24.4,31.9
COW_1099,9,Holstein,No,25.2,85.1,39.33,1493.0,5.83,22.3,51.1
COW_1100,8,Holstein,No,19.6,46.4,39.14,1470.0,6.06,24.1,46.8
COW_1101,8,Guernsey,Yes,22.6,81.2,39.02,1701.0,5.76,32.8,21.8
COW_1102,4,Jersey,Yes,18.2,60.5,38.91,1651.0,5.28,28.8,12.3
COW_1103,11,Guernsey,Yes,13.7,89.5,38.94,1471.0,5.26,27.6,13.6
COW_1104,11,Holstein,No,15.6,63.6,39.08,1809.0,5.82,29.9,43.7
COW_1105,4,Holstein,Yes,12.7,67.7,38.67,1708.0,5.57,31.1,15.9
COW_1106,3,Jersey,Yes,27.8,66.5,39.07,1978.0,5.52,22.9,19.6
COW_1107,2,Jersey,Yes,27.2,56.1,38.7,1380.0,5.89,20.8,29.0
COW_1108,8,Holstein,Yes,34.7,43.8,39.54,1312.0,6.07,19.6,49.6
COW_1109,8,Holstein,Yes,29.0,84.8,39.1,1558.0,5.76,24.8,40.4
COW_1110,3,Holstein,No,11.4,80.1,38.81,1677.0,5.45,19.7,27.9
COW_1111,8,Holstein,Yes,33.0,47.0,38.74,2025.0,5.18,27.3,33.1
COW_1112,9,Holstein,Yes,32.4,78.8,38.94,1466.0,5.8,24.1,43.7
COW_1113,2,Brown Swiss,Yes,21.5,71.3,38.69,2239.0,4.99,14.7,4.5
COW_1114,10,Holstein,Yes,25.2,60.5,38.95,1870.0,5.43,19.1,31.9
COW_1115,8,Jersey,No,35.4,52.7,39.14,1423.0,5.54,11.4,69.3
COW_1116,4,Holstein,Yes,23.8,83.0,38.87,1425.0,5.82,25.0,28.3
COW_1117,9,Jersey,Yes,33.5,75.0,38.98,1796.0,5.75,29.3,47.4
COW_1118,8,Brown Swiss,Yes,12.2,67.4,38.97,1455.0,5.61,16.9,26.5
COW_1119,9,Holstein,Yes,15.0,70.5,38.88,1775.0,5.48,19.9,17.9
COW_1120,7,Holstein,Yes,21.5,44.6,38.66,1892.0,5.6,27.9,9.9
COW_1121,10,Holstein,Yes,25.2,63.7,39.08,1431.0,6.63,18.3,64.3
COW_1122,6,Holstein,Yes,31.2,49.7,39.07,1488.0,5.87,19.5,43.5
COW_1123,4,Jersey,Yes,35.7,50.4,39.22,1245.0,6.21,25.7,57.1
COW_1124,4,Guernsey,Yes,20.1,73.1,38.96,1197.0,5.9,24.3,25.8
COW_1125,2,Holstein,Yes,11.2,85.6,38.77,2419.0,4.78,20.0,10.8
COW_1126,9,Holstein,Yes,30.8,60.2,39.12,1530.0,5.79,15.1,34.9
COW_1127,3,Holstein,Yes,25.7,50.4,38.97,1624.0,5.81,36.8,40.2
COW_1128,4,Jersey,No,15.2,72.4,38.93,1503.0,6.13,29.3,49.3
COW_1129,9,Holstein,No,22.9,83.6,39.38,1859.0,6.37,21.5,42.8
COW_1130,9,Holstein,Yes,29.3,77.4,38.91,2310.0,5.89,26.0,39.0
COW_1131,5,Holstein,Yes,30.0,83.4,38.69,1865.0,5.51,24.7,30.0
COW_1132,5,Holstein,Yes,23.0,66.8,38.97,1660.0,5.72,28.9,30.3
COW_1133,6,Holstein,Yes,17.9,77.6,39.0,1347.0,5.72,22.0,23.3
COW_1134,7,Jersey,No,35.3,47.0,39.36,974.0,6.79,19.2,72.8
COW_1135,6,Holstein,Yes,27.2,57.4,38.78,1164.0,5.25,29.9,28.8
COW_1136,8,Holstein,Yes,20.6,59.5,38.82,1504.0,5.46,35.1,25.6
COW_1137,3,Guernsey,No,17.3,65.6,39.16,1011.0,5.44,30.4,36.0
COW_1138,8,Jersey,No,29.0,86.5,39.25,1837.0,6.13,29.3,57.5
COW_1139,11,Holstein,Yes,16.3,83.7,38.79,1900.0,5.49,25.0,30.4
COW_1140,8,Holstein,Yes,14.5,46.7,38.7,1724.0,5.35,24.1,18.5
COW_1141,2,Holstein,Yes,23.8,48.6,38.8,2226.0,5.36,16.9,21.0
COW_1142,8,Holstein,Yes,17.5,57.9,38.93,1400.0,5.71,27.5,24.1
COW_1143,6,Holstein,No,26.4,54.5,39.4,1213.0,6.38,24.4,60.7
COW_1144,4,Holstein,No,13.1,70.7,39.0,1050.0,5.75,24.6,31.0
COW_1145,4,Holstein,No,27.0,85.1,39.19,1688.0,6.5,19.3,60.7
COW_1146,5,Jersey,Yes,17.4,88.1,38.75,1539.0,5.16,34.7,13.0
COW_1147,3,Holstein,No,10.0,72.7,39.3,1563.0,6.19,27.2,52.3
COW_1148,3,Jersey,Yes,13.3,81.9,38.74,2124.0,5.77,34.0,22.1
COW_1149,2,Holstein,Yes,34.3,66.3,38.86,2237.0,5.61,21.6,26.2
COW_1150,6,Brown Swiss,Yes,32.6,50.4,39.19,1617.0,6.02,21.5,42.8
COW_1151,5,Jersey,Yes,16.1,66.2,38.94,1987.0,5.11,34.7,13.5
COW_1152,11,Jersey,No,30.2,67.8,39.33,1175.0,7.05,22.2,55.1
COW_1153,3,Jersey,Yes,25.8,77.1,38.98,2226.0,5.68,22.6,35.7
COW_1154,4,Guernsey,Yes,35.2,51.0,38.88,1585.0,5.5,22.7,34.3
COW_1155,8,Holstein,Yes,19.7,58.4,38.93,1842.0,5.6,27.4,23.7
COW_1156,8,Holstein,Yes,27.7,58.2,39.36,1449.0,6.09,29.2,42.4
COW_1157,5,Holstein,Yes,11.7,88.0,39.21,2275.0,5.24,26.9,24.3
COW_1158,6,Jersey,Yes,20.3,62.2,38.79,1977.0,4.97,33.2,11.0
COW_1159,6,Jersey,No,35.1,77.8,39.31,1686.0,6.94,25.0,59.9
COW_1160,7,Holstein,Yes,24.0,77.5,38.84,1838.0,5.77,21.6,23.6
COW_1161,10,Holstein,Yes,17.5,53.3,38.67,1659.0,5.76,21.8,30.0
COW_1162,3,Holstein,Yes,13.1,68.6,38.76,2256.0,5.15,26.1,10.6
COW_1163,6,Guernsey,No,28.3,84.7,39.71,1531.0,6.63,16.4,57.9
COW_1164,4,Holstein,Yes,26.8,63.8,39.16,1390.0,6.02,23.6,31.4
COW_1165,5,Holstein,Yes,19.7,87.3,39.02,1452.0,5.33,35.8,19.6
COW_1166,11,Holstein,Yes,34.7,50.7,39.1,1700.0,5.52,25.2,37.9
COW_1167,7,Holstein,Yes,10.6,43.7,38.98,2072.0,5.78,22.6,27.5
COW_1168,9,Guernsey,Yes,17.9,84.6,38.52,2369.0,5.6,37.5,22.1
COW_1169,2,Jersey,Yes,33.9,82.4,38.98,1160.0,5.45,22.3,23.2
COW_1170,11,Jersey,Yes,18.3,89.6,38.69,1878.0,5.33,22.8,14.2
COW_1171,9,Holstein,Yes,16.6,74.0,38.83,1923.0,5.48,33.2,29.6
COW_1172,8,Holstein,Yes,23.9,86.8,39.0,1762.0,5.85,28.9,35.3
COW_1173,2,Holstein,Yes,31.4,81.3,38.75,2219.0,5.25,27.2,12.8
COW_1174,3,Jersey,Yes,12.7,82.2,38.67,2109.0,5.07,32.9,12.2
COW_1175,4,Holstein,Yes,34.5,68.5,39.06,1333.0,6.16,27.0,43.6
COW_1176,2,Holstein,Yes,30.7,59.1,38.74,1463.0,4.96,21.2,22.1
COW_1177,10,Holstein,Yes,14.7,86.7,38.86,1931.0,5.96,14.3,25.1
COW_1178,9,Guernsey,Yes,28.5,61.6,38.9,1930.0,6.23,22.0,48.4
COW_1179,3,Holstein,No,20.0,66.9,38.97,1749.0,5.29,31.7,31.4
COW_1180,10,Jersey,No,20.5,62.3,39.07,1042.0,6.23,21.6,54.3
COW_1181,8,Holstein,Yes,30.4,68.2,39.01,1280.0,5.94,27.2,42.7
COW_1182,10,Holstein,Yes,35.0,63.5,38.96,1989.0,5.68,27.6,30.7
COW_1183,7,Holstein,Yes,13.3,42.4,38.53,1742.0,4.95,18.7,13.0
COW_1184,7,Holstein,No,20.9,84.1,39.1,1569.0,6.26,21.8,52.2
COW_1185,5,Holstein,Yes,22.5,62.2,38.85,2274.0,5.16,30.4,14.2
COW_1186,11,Holstein,Yes,19.8,69.4,38.61,1391.0,5.14,23.4,20.8
COW_1187,11,Holstein,No,19.4,47.0,39.53,1380.0,6.12,21.7,57.7
COW_1188,3,Guernsey,Yes,11.4,40.2,39.07,1593.0,5.72,29.2,24.9
COW_1189,8,Holstein,No,27.8,52.3,39.15,1641.0,5.83,24.1,52.4
COW_1190,6,Jersey,Yes,21.3,75.2,38.75,2073.0,5.56,33.0,23.6
COW_1191,7,Holstein,Yes,15.1,45.0,38.86,1284.0,5.55,29.8,26.1
COW_1192,3,Jersey,No,31.2,85.4,39.07,1484.0,6.35,18.7,50.3
COW_1193,6,Holstein,Yes,30.9,50.8,38.7,1996.0,5.75,23.5,29.4
COW_1194,11,Holstein,Yes,22.6,50.2,39.09,996.0,6.39,24.5,49.0
COW_1195,5,Holstein,Yes,17.8,49.1,38.76,1838.0,5.05,35.7,16.4
COW_1196,10,Holstein,No,26.6,40.7,39.4,1066.0,6.49,20.0,66.8
COW_1197,7,Holstein,Yes,17.5,78.6,38.8,1550.0,5.37,17.7,27.3
COW_1198,3,Jersey,Yes,16.1,83.8,38.93,946.0,5.42,31.1,12.4
COW_1199,2,Guernsey,Yes,29.0,70.7,38.8,2150.0,6.11,21.9,33.1
COW_1200,6,Jersey,Yes,11.0,49.4,38.66,1698.0,4.99,20.6,21.6
COW_1201,10,Jersey,Yes,12.5,54.3,38.92,1520.0,5.63,27.6,20.9
COW_1202,7,Holstein,Yes,10.2,63.8,38.59,2004.0,5.38,33.9,11.5
COW_1203,11,Holstein,Yes,14.0,87.7,38.88,1308.0,6.27,22.5,41.3
COW_1204,8,Holstein,No,11.8,52.4,39.09,1273.0,5.99,27.8,41.7
COW_1205,6,Holstein,Yes,35.9,76.6,38.91,2142.0,5.89,28.7,40.3
COW_1206,11,Holstein,Yes,17.5,62.0,38.95,2347.0,5.95,30.5,37.6
COW_1207,7,Holstein,No,13.9,54.9,38.94,1471.0,6.0,21.8,42.1
COW_1208,6,Holstein,Yes,16.3,62.8,38.62,2295.0,5.7,22.1,16.1
COW_1209,10,Holstein,No,34.3,43.6,39.05,1526.0,6.83,17.9,74.3
COW_1210,7,Jersey,Yes,23.5,79.9,39.19,1128.0,6.17,28.2,46.9
COW_1211,9,Jersey,Yes,19.5,52.2,38.9,1331.0,5.64,28.5,38.8
COW_1212,3,Holstein,Yes,32.7,76.3,38.79,2406.0,5.16,22.5,21.6
COW_1213,10,Guernsey,Yes,20.3,43.4,38.76,1304.0,4.98,39.5,18.4
COW_1214,6,Brown Swiss,Yes,18.7,87.8,38.69,2776.0,5.04,22.6,10.4
COW_1215,8,Holstein,Yes,15.4,49.7,38.87,1577.0,5.72,32.5,20.5
COW_1216,11,Holstein,No,19.8,84.1,39.2,2073.0,6.12,31.7,49.7
COW_1217,2,Holstein,Yes,18.2,80.5,38.65,1765.0,5.43,29.0,7.4
COW_1218,11,Guernsey,Yes,27.6,88.4,39.18,1974.0,5.81,22.0,32.7
COW_1219,6,Guernsey,Yes,17.5,63.9,38.47,2414.0,5.05,24.2,12.4
COW_1220,11,Holstein,No,25.0,76.4,39.26,1887.0,6.45,21.8,56.4
COW_1221,3,Holstein,Yes,11.7,58.5,39.14,1492.0,5.88,31.5,27.4
COW_1222,7,Holstein,Yes,15.0,49.2,38.83,1556.0,5.21,21.6,6.5
COW_1223,2,Holstein,Yes,20.6,62.2,38.53,1909.0,5.02,18.5,3.6
COW_1224,4,Holstein,Yes,34.4,48.3,39.01,1183.0,5.86,26.4,46.7
COW_1225,6,Guernsey,Yes,19.8,89.1,38.71,1894.0,5.29,30.6,22.6
COW_1226,5,Jersey,No,27.3,44.8,39.43,1207.0,7.09,31.5,61.7
COW_1227,4,Jersey,Yes,16.6,69.5,38.61,2319.0,5.4,20.8,6.9
COW_1228,11,Guernsey,No,13.3,71.3,39.29,1336.0,5.96,22.8,56.0
COW_1229,6,Jersey,Yes,11.5,66.9,38.81,1218.0,4.61,34.8,7.3
COW_1230,9,Holstein,Yes,17.9,73.1,39.27,2254.0,5.56,27.5,17.0
COW_1231,5,Holstein,No,14.1,45.8,39.24,1612.0,6.41,23.1,48.5
COW_1232,2,Holstein,Yes,14.5,67.8,38.59,1929.0,4.92,33.5,6.9
COW_1233,8,Jersey,No,29.8,54.4,39.3,1595.0,7.21,18.3,80.9
COW_1234,9,Holstein,Yes,10.4,87.0,38.9,2046.0,5.62,31.1,29.2
COW_1235,4,Jersey,No,24.5,78.1,39.23,1284.0,6.27,17.6,60.5
COW_1236,7,Holstein,Yes,19.9,88.6,38.82,1446.0,6.27,17.1,43.5
COW_1237,3,Holstein,Yes,23.2,41.9,38.72,1420.0,5.21,26.2,21.2
COW_1238,8,Holstein,Yes,24.6,54.3,39.0,1227.0,5.55,13.2,28.4
COW_1239,9,Holstein,Yes,18.1,49.8,38.86,1944.0,5.77,27.0,34.2
COW_1240,7,Jersey,Yes,17.7,40.6,39.0,1953.0,5.38,18.0,20.1
COW_1241,7,Jersey,Yes,29.1,52.1,38.64,2064.0,5.92,28.8,26.5
COW_1242,6,Holstein,Yes,32.7,73.9,39.1,2140.0,5.9,27.0,28.7
COW_1243,9,Holstein,Yes,15.0,51.6,39.1,1997.0,5.8,26.0,28.5
COW_1244,2,Holstein,No,12.5,65.5,39.18,1962.0,5.8,27.9,36.0
COW_1245,11,Holstein,Yes,33.3,84.4,39.02,880.0,6.56,24.4,59.9
COW_1246,5,Holstein,Yes,19.1,74.7,38.78,1780.0,5.04,26.9,2.7
COW_1247,5,Guernsey,Yes,24.3,59.7,39.09,1854.0,6.26,32.9,48.2
COW_1248,4,Holstein,Yes,19.3,58.6,38.54,1446.0,4.92,30.7,11.0
COW_1249,4,Holstein,Yes,13.3,62.8,38.81,1828.0,5.7,31.5,14.4
COW_1250,5,Holstein,Yes,25.3,48.9,38.79,1934.0,5.64,32.4,25.7
COW_1251,2,Holstein,No,23.7,71.7,39.69,1400.0,7.52,23.2,73.2
COW_1252,3,Holstein,No,15.3,58.2,39.08,1820.0,6.35,36.6,24.6
COW_1253,10,Holstein,Yes,21.7,82.6,38.87,1869.0,6.02,26.4,35.7
COW_1254,11,Holstein,Yes,30.7,77.8,38.98,1695.0,5.95,25.1,39.3
COW_1255,3,Holstein,Yes,25.4,70.5,39.18,1077.0,6.05,20.6,52.1
COW_1256,6,Holstein,Yes,12.5,58.2,38.73,2087.0,5.35,27.1,12.7
COW_1257,10,Holstein,Yes,24.2,50.5,39.3,1678.0,6.14,20.9,42.3
COW_1258,10,Holstein,Yes,28.3,78.8,39.45,1025.0,6.67,25.6,69.0
COW_1259,9,Brown Swiss,Yes,30.6,64.3,39.07,2108.0,6.31,20.7,38.5
COW_1260,2,Holstein,Yes,26.4,51.2,38.91,1923.0,5.41,26.9,34.3
COW_1261,2,Holstein,Yes,14.0,49.8,38.46,1380.0,4.86,32.0,3.7
COW_1262,10,Holstein,No,28.5,48.3,39.43,1277.0,6.22,24.4,49.3
COW_1263,9,Holstein,Yes,27.6,78.9,38.88,1546.0,5.81,21.8,31.4
COW_1264,11,Holstein,No,10.6,51.4,39.55,1296.0,6.61,26.0,58.9
COW_1265,10,Jersey,No,20.7,66.3,39.18,1680.0,5.86,24.1,41.6
COW_1266,8,Jersey,Yes,18.7,62.6,39.09,1498.0,5.42,14.1,8.1
COW_1267,4,Holstein,Yes,27.4,69.0,39.49,1720.0,6.36,17.7,69.3
COW_1268,4,Holstein,Yes,15.6,83.9,38.47,2337.0,4.8,37.3,10.0
COW_1269,3,Holstein,No,25.4,83.4,39.11,1739.0,6.18,31.1,51.3
COW_1270,6,Guernsey,No,33.7,62.6,39.13,1596.0,5.96,27.0,44.5
COW_1271,4,Holstein,Yes,30.7,40.8,38.73,2143.0,5.63,31.7,17.3
COW_1272,7,Holstein,Yes,34.0,61.3,39.02,1555.0,5.97,21.3,39.2
COW_1273,3,Holstein,No,35.4,70.3,39.03,1301.0,6.73,22.4,48.0
COW_1274,4,Holstein,Yes,10.3,67.9,38.85,2243.0,5.32,34.3,17.9
COW_1275,6,Holstein,No,26.2,72.6,39.54,1406.0,6.88,22.7,80.4
COW_1276,2,Holstein,No,20.7,47.7,38.86,1461.0,6.06,26.2,26.8
COW_1277,2,Holstein,Yes,32.4,72.3,39.12,1677.0,5.31,26.7,21.6
COW_1278,11,Jersey,Yes,16.5,49.1,38.94,1497.0,5.93,33.0,33.1
COW_1279,10,Holstein,Yes,35.5,77.5,38.97,2287.0,6.09,30.7,44.5
COW_1280,8,Holstein,Yes,26.0,57.0,38.84,1639.0,5.34,28.4,41.9
COW_1281,2,Guernsey,Yes,30.6,75.5,39.28,1543.0,6.66,23.6,54.2
COW_1282,9,Holstein,No,12.2,42.4,39.45,1528.0,7.1,19.6,71.3
COW_1283,4,Holstein,No,14.8,60.4,39.19,1247.0,6.14,28.8,30.2
COW_1284,9,Holstein,No,29.7,75.3,39.29,1790.0,5.98,17.9,59.2
COW_1285,6,Holstein,Yes,10.6,51.3,38.56,1662.0,4.97,23.5,10.3
COW_1286,2,Jersey,No,31.2,79.8,39.61,1958.0,6.42,15.9,60.2
COW_1287,8,Holstein,Yes,10.4,71.5,38.84,1750.0,5.0,35.2,14.7
COW_1288,6,Holstein,Yes,27.1,69.4,39.08,1950.0,6.43,21.3,43.1
COW_1289,7,Holstein,Yes,19.5,57.7,38.9,900.0,5.43,29.5,20.0
COW_1290,7,Holstein,Yes,25.9,64.1,39.04,1316.0,5.66,25.6,37.5
COW_1291,9,Jersey,No,28.1,69.9,39.15,1341.0,6.73,35.3,66.8
COW_1292,10,Holstein,Yes,18.9,63.6,38.91,1059.0,5.62,29.5,27.7
COW_1293,3,Holstein,Yes,12.8,74.9,38.65,2143.0,4.24,18.1,9.3
COW_1294,10,Jersey,Yes,11.8,61.7,38.9,1948.0,5.16,34.3,20.5
COW_1295,11,Holstein,Yes,25.3,50.1,39.07,1253.0,5.81,22.3,45.0
COW_1296,10,Jersey,Yes,23.5,50.7,38.95,1665.0,5.93,24.6,39.3
COW_1297,11,Jersey,Yes,29.3,40.3,39.29,1940.0,5.75,22.2,35.8
COW_1298,11,Jersey,Yes,23.3,55.0,39.23,967.0,5.84,26.6,32.7
COW_1299,8,Holstein,Yes,21.0,77.4,38.38,1338.0,4.92,28.3,22.7
COW_1300,2,Holstein,No,20.4,79.7,39.37,1452.0,6.1,21.0,48.1
COW_1301,8,Jersey,Yes,10.7,50.1,38.79,1855.0,5.56,25.1,26.4
COW_1302,11,Holstein,Yes,18.7,88.0,38.81,1743.0,5.89,27.4,28.0
COW_1303,6,Holstein,Yes,35.4,65.1,39.02,1847.0,6.32,12.9,54.3
COW_1304,7,Guernsey,Yes,32.7,85.8,38.86,1856.0,5.42,18.5,38.4
COW_1305,11,Guernsey,Yes,18.6,75.3,38.74,2075.0,5.67,36.8,20.0
COW_1306,8,Holstein,Yes,25.3,76.1,38.85,1216.0,5.97,27.5,33.4
COW_1307,6,Holstein,No,32.0,44.3,39.17,1459.0,6.58,19.9,57.7
COW_1308,8,Holstein,Yes,21.5,51.0,38.64,1737.0,4.76,18.5,13.1
COW_1309,10,Jersey,No,10.5,40.4,39.22,2033.0,6.37,24.0,50.1
COW_1310,4,Guernsey,No,11.9,75.8,39.22,1594.0,6.08,28.6,49.9
COW_1311,9,Holstein,Yes,23.3,57.2,39.2,1398.0,6.09,38.0,44.4
COW_1312,3,Holstein,Yes,35.2,79.3,38.8,2156.0,5.31,38.4,9.5
COW_1313,8,Guernsey,Yes,28.0,56.9,38.94,1778.0,6.44,20.3,46.5
COW_1314,3,Holstein,No,11.8,81.0,39.07,1423.0,5.69,23.5,37.4
COW_1315,5,Holstein,No,14.9,46.5,38.88,1562.0,5.79,18.2,28.6
COW_1316,8,Brown Swiss,Yes,30.1,48.7,39.14,1557.0,6.23,21.3,38.4
COW_1317,4,Holstein,No,31.9,57.0,39.15,1812.0,6.33,21.8,65.9
COW_1318,3,Holstein,Yes,26.1,60.4,39.14,1577.0,6.51,21.8,60.5
COW_1319,11,Holstein,No,26.8,57.4,39.24,1696.0,6.37,32.6,55.7
COW_1320,8,Holstein,No,10.7,78.2,39.29,1402.0,5.93,17.7,52.6
COW_1321,2,Jersey,Yes,31.5,44.8,39.05,1792.0,5.8,25.5,41.3
COW_1322,9,Holstein,Yes,30.5,57.6,39.04,2106.0,6.0,15.0,38.2
COW_1323,4,Brown Swiss,Yes,16.7,81.9,39.29,1575.0,6.08,27.7,38.7
COW_1324,3,Holstein,Yes,28.4,43.3,38.93,1578.0,6.59,17.5,50.6
COW_1325,4,Holstein,No,15.6,87.1,38.98,1165.0,5.97,30.1,45.8
COW_1326,6,Holstein,Yes,11.0,89.3,38.55,1624.0,4.81,27.2,6.7
COW_1327,9,Holstein,Yes,15.2,44.4,38.5,1752.0,5.1,20.4,12.9
COW_1328,11,Holstein,Yes,14.6,54.6,38.83,1373.0,5.3,15.4,30.3
COW_1329,8,Holstein,No,18.8,58.6,39.29,1972.0,6.12,19.4,46.1
COW_1330,8,Holstein,Yes,20.9,78.8,38.94,1395.0,5.72,26.9,35.1
COW_1331,8,Holstein,Yes,23.2,69.8,39.01,1918.0,6.05,27.6,41.1
COW_1332,9,Jersey,Yes,22.4,72.2,38.6,1873.0,4.85,24.7,29.8
COW_1333,2,Jersey,No,17.0,77.9,38.96,1648.0,5.74,29.8,32.1
COW_1334,5,Jersey,No,10.8,45.9,39.02,2119.0,5.76,19.4,48.6
COW_1335,7,Holstein,Yes,25.7,81.7,39.06,945.0,5.95,13.2,29.6
COW_1336,10,Holstein,Yes,20.3,75.3,38.91,1521.0,5.82,25.8,50.2
COW_1337,3,Jersey,Yes,17.8,68.9,38.75,1441.0,5.36,35.0,22.6
COW_1338,2,Holstein,Yes,32.5,84.5,38.99,1114.0,5.29,35.0,24.8
COW_1339,11,Holstein,Yes,29.4,75.0,39.02,1243.0,6.2,18.6,37.9
COW_1340,3,Jersey,No,32.3,50.1,39.07,1414.0,6.79,19.7,64.8
COW_1341,8,Jersey,Yes,22.9,61.5,39.28,1400.0,5.96,28.8,40.1
COW_1342,4,Holstein,No,13.4,64.7,39.13,1986.0,5.65,22.5,33.7
COW_1343,11,Holstein,Yes,28.1,42.8,39.48,1373.0,6.1,22.9,68.1
COW_1344,3,Jersey,Yes,15.4,87.7,38.58,1697.0,5.44,23.6,20.2
COW_1345,8,Holstein,Yes,21.5,46.4,38.99,1754.0,5.32,22.1,7.5
COW_1346,3,Jersey,Yes,11.7,74.9,38.54,1917.0,4.55,24.1,2.4
COW_1347,4,Jersey,Yes,31.5,65.3,38.82,1628.0,5.19,32.2,18.5
COW_1348,8,Jersey,Yes,13.3,41.3,38.61,1586.0,5.14,28.9,9.0
COW_1349,5,Holstein,Yes,33.5,86.2,39.35,1853.0,6.29,30.1,53.0
COW_1350,2,Holstein,Yes,32.5,82.6,38.89,1544.0,5.29,29.7,23.6
COW_1351,6,Jersey,Yes,22.1,66.2,38.79,1763.0,4.94,38.0,8.5
COW_1352,10,Holstein,No,29.4,51.4,39.37,1550.0,6.12,26.0,62.5
COW_1353,9,Jersey,Yes,26.1,46.1,38.92,1860.0,5.93,30.7,28.5
COW_1354,10,Holstein,No,30.9,58.2,39.37,1079.0,6.61,20.4,78.3
COW_1355,11,Holstein,Yes,21.2,52.8,39.25,1972.0,5.83,41.9,35.1
COW_1356,10,Guernsey,No,30.4,65.3,39.25,1493.0,6.82,21.8,81.5
COW_1357,8,Jersey,Yes,22.0,88.3,38.92,1870.0,5.73,16.6,22.1
COW_1358,5,Guernsey,No,34.5,68.7,39.38,1329.0,6.3,23.9,63.6
COW_1359,6,Jersey,Yes,22.6,84.5,38.96,1705.0,5.26,22.6,9.6
COW_1360,2,Holstein,Yes,22.0,72.5,39.03,1763.0,4.88,33.5,16.6
COW_1361,2,Jersey,Yes,30.4,63.8,39.0,1269.0,5.3,29.5,34.0
COW_1362,4,Guernsey,Yes,31.4,82.7,39.06,1699.0,5.84,25.2,27.8
COW_1363,9,Holstein,Yes,24.4,63.6,39.51,1783.0,5.87,19.3,52.0
COW_1364,3,Holstein,Yes,14.7,83.4,38.89,2085.0,5.45,27.8,24.7
COW_1365,5,Holstein,Yes,22.2,54.6,38.55,1773.0,5.3,25.2,6.9
COW_1366,3,Holstein,No,35.2,46.4,39.1,1921.0,6.28,28.3,56.7
COW_1367,6,Jersey,Yes,29.6,82.8,38.69,2462.0,5.31,30.1,26.2
COW_1368,10,Holstein,Yes,31.1,69.4,39.06,1586.0,5.36,41.1,42.1
COW_1369,2,Holstein,Yes,10.9,84.5,38.96,2104.0,5.4,25.5,22.8
COW_1370,6,Holstein,Yes,22.2,86.9,39.11,878.0,6.37,23.2,41.6
COW_1371,10,Holstein,Yes,26.8,42.7,38.85,1220.0,5.78,24.3,41.2
COW_1372,2,Holstein,Yes,31.6,65.0,39.12,1756.0,5.46,25.7,28.9
COW_1373,10,Holstein,No,11.3,58.7,39.01,1195.0,6.24,28.1,55.3
COW_1374,9,Guernsey,No,32.2,71.3,39.18,1963.0,6.83,20.7,63.4
COW_1375,5,Holstein,No,24.3,79.7,39.19,1724.0,6.54,33.3,49.3
COW_1376,11,Holstein,Yes,15.1,54.0,38.91,2144.0,5.12,30.5,24.0
COW_1377,6,Holstein,No,18.2,67.8,39.27,1540.0,5.83,21.7,51.5
COW_1378,6,Jersey,Yes,17.3,75.4,38.78,1484.0,5.83,23.9,17.0
COW_1379,7,Holstein,Yes,23.8,46.7,39.26,1529.0,5.67,31.5,32.4
COW_1380,8,Jersey,Yes,11.3,80.7,38.83,1929.0,5.37,28.0,21.7
COW_1381,9,Jersey,Yes,14.1,70.3,39.1,1518.0,5.44,26.6,27.9
COW_1382,9,Jersey,Yes,31.1,87.5,39.07,1965.0,5.75,23.3,35.3
COW_1383,3,Holstein,Yes,13.4,57.0,38.54,2171.0,5.35,28.3,3.6
COW_1384,10,Jersey,Yes,16.1,45.4,39.14,1575.0,6.2,21.2,50.0
COW_1385,8,Holstein,Yes,21.8,65.3,39.27,1102.0,6.06,33.7,31.3
COW_1386,5,Guernsey,Yes,23.4,44.3,38.82,2386.0,5.41,30.9,22.2
COW_1387,5,Holstein,Yes,29.9,88.5,38.9,1627.0,5.67,25.1,31.9
COW_1388,9,Holstein,Yes,21.6,41.9,38.82,2861.0,5.31,27.0,17.9
COW_1389,5,Holstein,Yes,30.5,77.7,39.21,1683.0,6.51,23.6,60.5
COW_1390,7,Holstein,No,26.1,66.3,39.1,1470.0,6.31,23.8,44.7
COW_1391,6,Jersey,Yes,12.9,58.4,38.66,2069.0,4.79,23.2,13.8
COW_1392,4,Holstein,Yes,14.1,43.3,39.06,1083.0,5.45,17.1,18.6
COW_1393,11,Holstein,Yes,21.4,71.1,38.83,2184.0,5.29,23.1,25.4
COW_1394,3,Holstein,Yes,20.3,69.3,38.74,2643.0,5.44,25.9,20.8
COW_1395,10,Jersey,No,29.3,54.0,39.19,809.0,6.71,18.6,77.6
COW_1396,11,Jersey,Yes,25.1,85.5,39.59,1418.0,6.1,27.2,51.5
COW_1397,10,Jersey,Yes,20.1,55.2,38.76,1818.0,4.96,26.8,21.7
COW_1398,2,Jersey,No,14.4,62.5,39.0,2054.0,4.93,36.6,27.7
COW_1399,11,Holstein,Yes,15.9,67.2,38.82,2485.0,6.02,23.7,24.7
COW_1400,4,Holstein,Yes,25.0,45.0,39.11,1782.0,6.01,26.1,39.4
COW_1401,9,Jersey,Yes,21.0,86.6,38.97,2694.0,5.13,26.8,16.8
COW_1402,7,Holstein,Yes,23.4,58.7,39.0,1679.0,5.8,27.2,35.6
COW_1403,6,Holstein,Yes,14.4,44.0,38.96,1940.0,4.77,32.8,27.3
COW_1404,6,Holstein,Yes,27.2,59.4,38.87,1749.0,5.73,28.3,39.8
COW_1405,7,Holstein,No,32.2,70.0,39.56,1879.0,6.5,13.9,56.7
COW_1406,8,Holstein,Yes,16.7,65.7,39.08,1527.0,6.07,28.1,36.9
COW_1407,2,Guernsey,Yes,22.8,74.7,38.75,2141.0,5.46,22.2,15.5
COW_1408,10,Holstein,Yes,35.4,42.8,39.06,1224.0,6.01,23.4,37.4
COW_1409,4,Holstein,No,18.7,54.2,39.07,1500.0,6.4,27.9,48.2
COW_1410,5,Holstein,No,25.5,81.0,39.13,1355.0,6.11,18.7,52.4
COW_1411,11,Jersey,Yes,12.3,44.0,38.42,1893.0,5.51,34.6,18.2
COW_1412,2,Holstein,Yes,25.8,82.8,39.12,1498.0,5.95,22.9,46.3
COW_1413,11,Guernsey,Yes,12.3,44.6,38.93,2127.0,5.41,37.9,33.3
COW_1414,4,Guernsey,Yes,34.9,81.7,39.12,1370.0,5.6,25.9,43.1
COW_1415,3,Holstein,Yes,28.6,58.0,38.86,1139.0,5.34,35.6,21.1
COW_1416,3,Guernsey,Yes,30.5,70.6,38.87,1247.0,5.86,32.4,22.6
COW_1417,2,Brown Swiss,Yes,28.3,47.6,38.92,2105.0,5.37,23.5,34.0
COW_1418,9,Jersey,No,25.3,43.3,39.23,1086.0,6.57,15.8,67.1
COW_1419,4,Jersey,Yes,21.7,50.8,38.8,2014.0,5.4,28.8,10.6
COW_1420,4,Holstein,No,32.3,46.4,38.9,1474.0,6.23,21.4,47.0
COW_1421,7,Holstein,Yes,34.9,55.6,39.1,2043.0,5.81,35.2,20.7
COW_1422,9,Holstein,Yes,23.0,65.7,39.34,1453.0,6.41,22.5,51.4
COW_1423,10,Holstein,Yes,34.2,69.4,38.82,2689.0,5.45,24.8,26.0
COW_1424,10,Brown Swiss,Yes,25.2,79.5,39.25,2186.0,6.11,17.6,45.2
COW_1425,5,Holstein,Yes,24.0,72.8,38.94,1644.0,5.6,29.0,28.4
COW_1426,6,Jersey,Yes,21.8,70.4,38.53,1761.0,4.77,22.3,5.7
COW_1427,3,Jersey,Yes,15.4,60.6,38.56,2933.0,5.14,29.8,20.3
COW_1428,10,Guernsey,Yes,10.1,63.7,39.02,1350.0,5.5,29.3,32.0
COW_1429,9,Brown Swiss,No,16.3,60.7,39.04,1561.0,6.62,20.7,51.0
COW_1430,4,Holstein,Yes,23.3,82.1,39.08,1773.0,5.43,32.0,32.5
COW_1431,10,Holstein,Yes,19.9,51.5,39.1,1624.0,6.27,23.6,40.8
COW_1432,4,Holstein,Yes,21.7,40.3,38.69,1207.0,5.15,19.8,23.9
COW_1433,10,Holstein,No,35.5,72.6,39.61,1588.0,6.75,29.6,65.3
COW_1434,3,Holstein,Yes,19.1,50.1,38.74,1578.0,5.16,24.0,0.5
COW_1435,11,Holstein,Yes,21.8,84.5,38.27,2366.0,5.54,30.7,12.9
COW_1436,10,Jersey,Yes,13.5,83.0,38.92,1207.0,5.82,28.2,30.8
COW_1437,9,Holstein,Yes,11.2,43.8,38.64,1836.0,5.72,29.7,26.4
COW_1438,10,Holstein,No,30.2,45.3,39.39,732.0,7.03,22.4,74.1
COW_1439,6,Jersey,Yes,24.8,64.8,39.05,938.0,6.32,20.4,31.5
COW_1440,3,Holstein,Yes,29.8,70.5,38.92,1500.0,5.01,36.6,21.0
COW_1441,9,Holstein,Yes,13.9,53.7,38.83,1597.0,5.33,33.5,8.0
COW_1442,7,Jersey,Yes,24.9,75.8,39.35,2020.0,6.23,26.5,44.4
COW_1443,9,Holstein,No,16.6,69.7,39.17,1631.0,5.67,18.5,37.2
COW_1444,6,Jersey,Yes,15.9,56.2,38.8,2411.0,5.21,23.2,9.9
COW_1445,11,Holstein,Yes,10.3,41.3,38.83,1712.0,4.89,31.7,20.5
COW_1446,3,Jersey,Yes,13.4,77.5,38.89,2164.0,4.85,17.4,10.5
COW_1447,7,Holstein,Yes,18.0,50.7,38.87,1505.0,5.05,28.6,21.9
COW_1448,6,Holstein,No,13.0,81.7,39.02,1390.0,6.27,18.6,37.2
COW_1449,6,Holstein,Yes,35.6,61.0,38.69,1091.0,5.63,21.7,31.9
COW_1450,2,Guernsey,Yes,18.0,68.9,38.78,2119.0,5.39,21.4,0.6
COW_1451,3,Holstein,No,13.4,83.6,39.22,1610.0,6.46,24.9,51.2
COW_1452,9,Holstein,Yes,15.2,83.2,39.42,1978.0,5.81,32.0,25.1
COW_1453,4,Brown Swiss,Yes,25.3,58.6,38.88,1821.0,5.45,28.5,23.7
COW_1454,11,Jersey,Yes,11.7,50.4,38.89,2524.0,5.17,29.8,21.1
COW_1455,4,Holstein,No,32.4,78.8,39.34,1562.0,6.46,24.2,42.2
COW_1456,9,Jersey,Yes,35.0,61.7,38.89,1989.0,5.84,28.9,40.4
COW_1457,9,Holstein,Yes,16.4,49.6,38.92,1683.0,5.09,29.9,16.8
COW_1458,3,Holstein,Yes,21.7,85.2,38.81,1510.0,4.9,14.0,19.9
COW_1459,9,Holstein,Yes,10.6,49.9,38.82,2063.0,5.17,32.4,24.2
COW_1460,2,Guernsey,Yes,26.7,41.3,39.01,1792.0,5.8,32.1,17.3
COW_1461,7,Guernsey,Yes,20.8,41.0,38.73,2096.0,5.98,25.3,26.5
COW_1462,9,Holstein,Yes,17.0,71.1,38.87,1958.0,5.38,16.8,21.9
COW_1463,4,Holstein,Yes,15.4,73.1,39.01,1561.0,5.29,29.4,14.8
COW_1464,9,Holstein,Yes,27.0,55.6,38.83,2119.0,5.51,28.3,26.7
COW_1465,2,Brown Swiss,No,20.8,56.0,38.97,1395.0,5.53,23.6,38.9
COW_1466,10,Brown Swiss,No,14.7,57.0,39.47,1813.0,6.35,25.7,44.1
COW_1467,10,Holstein,Yes,27.9,74.0,39.21,2005.0,6.53,29.9,49.1
COW_1468,6,Jersey,Yes,24.7,42.9,38.94,1560.0,5.54,38.3,24.8
COW_1469,11,Jersey,Yes,32.3,86.5,39.15,2068.0,5.78,26.5,36.0
COW_1470,5,Holstein,Yes,13.1,51.1,38.66,2038.0,5.04,30.4,6.1
COW_1471,7,Holstein,No,30.4,90.0,39.13,1667.0,6.49,18.6,63.9
COW_1472,8,Holstein,Yes,27.5,48.6,39.29,1363.0,6.23,22.6,43.2
COW_1473,6,Jersey,Yes,13.0,78.6,38.65,1916.0,4.98,27.1,25.0
COW_1474,11,Jersey,No,28.1,51.2,39.83,974.0,6.92,26.5,67.7
COW_1475,10,Holstein,Yes,21.5,44.0,38.97,2235.0,6.02,29.7,35.1
COW_1476,4,Guernsey,Yes,34.6,83.7,39.2,1069.0,5.42,37.7,23.0
COW_1477,8,Holstein,Yes,13.7,82.9,38.53,1767.0,5.33,20.1,7.0
COW_1478,11,Holstein,Yes,26.7,60.2,39.32,1285.0,6.15,17.9,50.7
COW_1479,11,Jersey,Yes,19.9,75.1,38.92,2063.0,5.67,33.6,20.0
COW_1480,6,Jersey,No,34.9,67.9,39.48,1981.0,6.19,28.9,63.7
COW_1481,8,Holstein,No,18.6,82.6,39.37,1733.0,6.17,23.9,54.4
COW_1482,3,Holstein,Yes,35.0,55.8,38.91,2722.0,5.69,13.1,32.0
COW_1483,5,Holstein,No,33.4,66.2,39.02,1116.0,5.56,20.3,47.8
COW_1484,3,Holstein,Yes,17.0,64.3,38.62,1465.0,4.59,31.7,1.9
COW_1485,8,Holstein,No,30.9,57.7,39.26,1255.0,6.06,19.4,49.0
COW_1486,3,Holstein,Yes,35.9,84.6,38.78,1854.0,5.63,28.5,21.5
COW_1487,2,Jersey,No,16.6,48.3,39.14,1290.0,5.79,34.5,45.8
COW_1488,10,Holstein,No,21.4,47.5,39.42,1208.0,6.4,28.6,59.6
COW_1489,2,Jersey,Yes,23.5,68.8,38.71,2039.0,5.58,32.0,14.6
COW_1490,9,Jersey,No,17.7,72.9,39.25,1170.0,5.78,23.8,49.6
COW_1491,3,Holstein,No,10.4,49.7,38.99,1298.0,5.28,23.2,32.6
COW_1492,9,Holstein,No,15.7,59.5,39.0,1494.0,5.88,28.8,42.0
COW_1493,4,Jersey,Yes,17.3,87.3,39.0,1683.0,5.09,27.4,24.4
COW_1494,7,Holstein,No,21.5,52.3,39.16,1796.0,6.02,23.5,47.6
COW_1495,4,Jersey,No,14.4,73.4,39.03,1330.0,6.12,17.2,44.7
COW_1496,8,Jersey,Yes,32.7,77.0,39.12,1383.0,6.21,21.3,38.0
COW_1497,11,Jersey,No,28.3,62.4,39.61,1556.0,6.88,25.2,67.3
COW_1498,10,Brown Swiss,Yes,12.2,86.9,38.92,2071.0,5.75,21.2,21.3
COW_1499,3,Holstein,Yes,26.9,76.8,39.19,2075.0,6.31,26.2,40.7
COW_1500,6,Holstein,Yes,27.0,62.9,38.86,1940.0,4.97,29.2,31.9
COW_1501,7,Holstein,Yes,34.9,68.5,38.91,1807.0,5.66,29.3,27.9
COW_1502,5,Holstein,Yes,10.1,74.6,38.66,2176.0,4.82,32.6,9.0
COW_1503,5,Holstein,Yes,16.4,69.6,38.9,1710.0,5.22,30.9,22.1
COW_1504,5,Holstein,No,34.1,83.9,39.32,1346.0,6.73,19.5,66.4
COW_1505,3,Guernsey,Yes,34.2,57.8,39.15,1120.0,5.19,18.7,31.0
COW_1506,5,Holstein,Yes,28.7,55.0,38.98,1975.0,5.37,21.2,37.0
COW_1507,2,Holstein,Yes,29.9,50.7,38.59,1891.0,5.54,31.5,25.0
COW_1508,7,Holstein,Yes,12.4,41.9,39.21,2139.0,5.38,21.3,17.1
COW_1509,2,Holstein,No,23.4,42.2,39.14,682.0,6.2,19.1,58.0
COW_1510,11,Holstein,Yes,16.0,83.5,39.01,1825.0,5.07,22.1,21.4
COW_1511,7,Holstein,No,14.7,73.9,39.26,1376.0,6.04,16.1,33.1
COW_1512,2,Holstein,Yes,31.1,73.0,39.1,2252.0,5.8,20.4,29.1
COW_1513,7,Holstein,Yes,13.5,70.7,38.72,2119.0,5.17,34.2,14.2
COW_1514,11,Guernsey,Yes,22.2,82.5,39.02,1800.0,5.38,22.5,31.4
COW_1515,9,Guernsey,Yes,34.4,64.0,39.02,1409.0,6.12,15.5,53.6
COW_1516,3,Jersey,Yes,14.8,83.5,39.03,2048.0,5.33,25.7,14.6
COW_1517,3,Holstein,Yes,35.4,58.0,38.8,1431.0,5.89,29.5,21.6
COW_1518,5,Guernsey,Yes,35.9,86.3,38.83,1763.0,5.34,17.3,27.5
COW_1519,4,Guernsey,No,24.4,74.9,39.18,1396.0,6.05,29.0,44.9
COW_1520,5,Holstein,Yes,14.4,52.9,38.67,2817.0,4.95,20.8,4.5
COW_1521,8,Jersey,Yes,18.2,68.2,38.77,2323.0,5.51,25.1,20.4
COW_1522,2,Holstein,Yes,21.0,66.7,39.04,2212.0,5.2,25.4,22.8
COW_1523,7,Jersey,Yes,18.0,46.9,38.9,1323.0,4.43,25.3,11.7
COW_1524,4,Brown Swiss,No,17.3,69.6,39.23,1832.0,6.46,23.8,46.0
COW_1525,11,Holstein,Yes,35.3,55.7,39.2,1558.0,6.8,27.0,53.7
COW_1526,8,Guernsey,Yes,14.0,42.6,39.0,2265.0,5.21,27.4,12.9
COW_1527,11,Holstein,No,29.1,87.4,39.34,1480.0,6.43,19.2,64.4
COW_1528,3,Brown Swiss,Yes,10.0,72.1,38.98,1887.0,5.11,31.1,7.3
COW_1529,3,Holstein,Yes,25.5,83.8,38.98,1806.0,5.61,27.4,29.4
COW_1530,5,Jersey,Yes,33.8,73.8,39.03,1160.0,5.62,23.9,23.2
COW_1531,2,Holstein,Yes,17.5,57.8,38.71,1614.0,5.1,29.0,12.6
COW_1532,4,Holstein,No,14.8,65.6,39.13,1734.0,5.8,21.1,48.0
COW_1533,10,Holstein,No,26.9,73.8,39.41,1877.0,5.94,19.6,56.5
COW_1534,8,Brown Swiss,No,28.5,88.0,39.66,1290.0,6.73,26.3,59.1
COW_1535,8,Jersey,Yes,27.9,52.7,39.35,1598.0,6.16,27.0,43.3
COW_1536,5,Guernsey,Yes,18.3,83.7,38.81,1319.0,5.25,33.7,6.5
COW_1537,3,Guernsey,No,16.6,86.2,39.03,2256.0,5.35,30.0,19.6
COW_1538,5,Holstein,Yes,34.9,73.5,39.07,1949.0,6.52,20.2,40.2
COW_1539,7,Holstein,Yes,34.0,86.6,38.97,1983.0,5.13,32.1,26.6
COW_1540,4,Holstein,Yes,21.9,59.9,38.73,1946.0,5.6,25.7,21.6
COW_1541,2,Holstein,Yes,32.0,87.7,38.95,2336.0,5.0,32.1,26.2
COW_1542,9,Holstein,Yes,21.8,75.1,39.12,1389.0,5.67,24.8,40.1
COW_1543,6,Holstein,No,21.0,42.1,38.86,1293.0,6.49,26.0,39.4
COW_1544,6,Holstein,No,14.1,85.3,39.18,1900.0,6.35,25.9,50.1
COW_1545,5,Holstein,Yes,21.1,64.2,38.76,2314.0,4.88,33.8,8.5
COW_1546,7,Holstein,Yes,24.0,63.0,39.18,1184.0,6.05,16.2,51.8
COW_1547,4,Holstein,Yes,10.6,68.3,39.15,1457.0,5.97,17.2,45.3
COW_1548,10,Brown Swiss,No,21.5,47.5,39.06,2015.0,6.47,26.6,54.3
COW_1549,6,Jersey,Yes,30.3,63.5,38.77,1935.0,5.77,29.1,28.6
COW_1550,4,Brown Swiss,Yes,27.7,81.6,39.05,2056.0,5.38,22.8,21.3
COW_1551,2,Holstein,Yes,26.5,40.8,39.0,1306.0,5.33,27.9,29.6
COW_1552,11,Holstein,Yes,33.6,53.6,39.25,1757.0,6.23,17.3,51.3
COW_1553,7,Jersey,Yes,10.5,40.1,38.93,1214.0,5.64,42.9,32.4
COW_1554,3,Holstein,No,24.5,60.8,39.18,948.0,5.81,30.6,48.8
COW_1555,4,Holstein,Yes,30.5,76.4,38.52,2059.0,5.5,30.7,30.5
COW_1556,2,Holstein,Yes,24.1,79.9,38.93,2378.0,5.22,28.4,18.4
COW_1557,10,Holstein,Yes,18.4,87.3,39.14,1709.0,5.5,24.0,23.0
COW_1558,9,Holstein,Yes,13.5,70.4,38.7,1609.0,5.18,20.2,18.0
COW_1559,3,Holstein,No,33.1,52.7,39.2,1943.0,6.64,22.1,54.6
COW_1560,9,Jersey,Yes,22.2,86.2,38.92,1739.0,5.06,22.7,20.8
COW_1561,10,Holstein,No,32.8,78.8,39.68,1341.0,6.59,18.0,75.5
COW_1562,2,Holstein,Yes,25.2,68.7,38.93,2347.0,5.51,19.1,26.1
COW_1563,6,Jersey,Yes,27.5,74.8,38.83,1569.0,6.2,27.1,36.2
COW_1564,9,Holstein,Yes,30.9,86.2,39.12,1378.0,6.29,22.6,51.8
COW_1565,3,Holstein,Yes,27.1,75.6,38.67,2129.0,5.6,30.7,24.5
COW_1566,5,Guernsey,Yes,20.3,58.4,38.72,1570.0,5.68,30.3,20.5
COW_1567,8,Holstein,No,23.4,75.7,39.59,1191.0,8.11,20.6,86.6
COW_1568,4,Holstein,Yes,30.9,42.0,38.85,1257.0,5.72,40.0,26.5
COW_1569,6,Holstein,Yes,19.7,59.3,38.66,1936.0,5.57,32.9,12.3
COW_1570,9,Holstein,No,20.1,60.3,39.16,1610.0,6.33,18.3,44.6
COW_1571,11,Holstein,No,12.5,48.3,39.23,1855.0,6.44,26.3,46.1
COW_1572,4,Jersey,Yes,33.8,41.2,38.81,1971.0,6.23,25.5,36.2
COW_1573,5,Holstein,No,12.4,46.7,39.18,1789.0,5.91,18.2,50.9
COW_1574,10,Holstein,Yes,26.9,72.7,39.09,1711.0,5.96,17.5,52.0
COW_1575,8,Holstein,Yes,20.7,80.1,39.2,1608.0,6.02,27.4,41.9
COW_1576,2,Holstein,No,20.5,89.4,39.15,1877.0,5.77,29.2,39.5
COW_1577,5,Holstein,Yes,27.7,57.3,39.05,1247.0,6.11,19.5,41.1
COW_1578,5,Holstein,Yes,11.7,70.0,38.91,972.0,5.71,33.2,24.3
COW_1579,10,Holstein,Yes,25.4,86.9,38.98,1999.0,5.86,26.4,35.7
COW_1580,7,Holstein,No,30.1,48.4,39.55,1631.0,6.48,27.9,66.2
COW_1581,10,Holstein,No,31.5,75.9,39.15,1457.0,6.42,28.3,58.1
COW_1582,7,Holstein,Yes,14.4,77.7,39.11,2015.0,5.81,24.6,34.9
COW_1583,7,Jersey,Yes,33.3,44.4,38.96,1458.0,5.23,34.7,31.6
COW_1584,6,Holstein,Yes,27.1,83.1,38.82,1476.0,5.53,20.4,26.7
COW_1585,6,Holstein,Yes,32.9,80.7,39.48,1197.0,6.71,33.3,57.8
COW_1586,3,Holstein,Yes,22.6,41.7,38.68,2087.0,5.55,23.3,7.6
COW_1587,9,Jersey,No,24.1,44.6,39.13,966.0,6.33,22.0,68.2
COW_1588,9,Holstein,Yes,33.9,42.5,38.55,1450.0,5.4,23.2,36.8
COW_1589,2,Jersey,Yes,33.4,56.7,38.7,1931.0,5.35,25.6,10.8
COW_1590,9,Jersey,Yes,21.7,65.5,38.94,1443.0,4.59,45.4,18.4
COW_1591,6,Guernsey,Yes,17.1,66.6,38.86,1686.0,4.87,26.5,6.3
COW_1592,3,Holstein,No,20.2,53.4,39.03,889.0,5.63,28.8,46.2
COW_1593,3,Holstein,Yes,20.1,85.6,38.68,2131.0,5.45,27.3,5.1
COW_1594,7,Jersey,Yes,17.5,58.4,38.68,1629.0,4.95,33.9,17.6
COW_1595,10,Brown Swiss,Yes,17.0,42.3,38.61,1440.0,5.69,24.9,18.0
COW_1596,2,Guernsey,Yes,32.4,55.0,38.65,1374.0,5.53,29.5,20.8
COW_1597,7,Holstein,Yes,11.8,66.6,38.89,1732.0,4.98,32.1,17.1
COW_1598,10,Holstein,Yes,27.6,60.4,39.22,1088.0,5.81,21.0,50.9
COW_1599,9,Holstein,Yes,14.5,53.7,38.8,2609.0,5.13,44.0,10.9
COW_1600,7,Jersey,Yes,19.0,46.6,38.67,940.0,5.41,31.0,21.7
COW_1601,4,Holstein,Yes,11.6,81.0,38.7,1759.0,5.09,27.8,5.0
COW_1602,9,Holstein,Yes,17.0,89.8,38.47,1877.0,5.11,24.0,21.6
COW_1603,10,Jersey,No,30.0,56.5,39.69,1080.0,7.23,20.8,81.5
COW_1604,2,Holstein,Yes,33.0,59.1,39.1,1725.0,5.94,19.2,42.7
COW_1605,10,Guernsey,Yes,15.8,70.9,38.59,1560.0,5.16,38.1,20.4
COW_1606,7,Holstein,Yes,22.1,75.9,39.07,2386.0,5.16,30.1,12.4
COW_1607,7,Holstein,Yes,22.2,59.6,38.55,1427.0,5.26,27.3,23.4
COW_1608,5,Holstein,No,32.7,85.2,39.4,773.0,6.28,27.6,63.9
COW_1609,2,Jersey,Yes,29.8,68.0,39.01,1298.0,5.58,22.9,25.9
COW_1610,11,Holstein,Yes,23.3,62.5,38.87,1789.0,5.88,19.6,39.1
COW_1611,9,Holstein,Yes,27.4,72.3,39.21,1504.0,6.3,23.2,50.6
COW_1612,3,Brown Swiss,Yes,32.0,87.6,38.69,2010.0,6.03,27.3,30.6
COW_1613,2,Holstein,No,10.2,79.7,38.67,1789.0,5.93,27.7,40.1
COW_1614,3,Holstein,Yes,20.5,42.0,38.77,1527.0,5.83,18.8,29.7
COW_1615,2,Holstein,Yes,33.6,56.6,38.71,1664.0,5.34,25.4,17.5
COW_1616,2,Holstein,Yes,29.2,63.5,38.89,1709.0,5.2,14.0,14.7
COW_1617,10,Holstein,Yes,24.1,55.7,39.0,2353.0,5.68,19.9,33.1
COW_1618,2,Holstein,Yes,23.8,75.0,38.98,1964.0,5.64,30.1,41.3
COW_1619,5,Holstein,No,19.0,81.3,38.88,2305.0,5.89,30.6,33.7
COW_1620,11,Holstein,Yes,23.5,76.6,38.88,2022.0,5.4,20.4,28.9
COW_1621,7,Jersey,No,27.0,89.5,39.16,1454.0,6.07,21.5,55.9
COW_1622,8,Holstein,Yes,20.9,53.6,38.63,1463.0,5.47,28.0,15.8
COW_1623,3,Holstein,Yes,28.6,83.7,38.75,1893.0,5.59,33.5,23.3
COW_1624,7,Holstein,Yes,32.4,78.3,39.01,1680.0,5.92,34.0,36.1
COW_1625,8,Holstein,No,14.0,58.1,39.3,1385.0,6.67,22.8,65.4
COW_1626,11,Holstein,Yes,21.7,76.7,38.91,1662.0,5.82,25.1,33.6
COW_1627,11,Holstein,Yes,20.6,45.2,38.93,1079.0,5.51,19.7,22.0
COW_1628,3,Jersey,Yes,27.9,79.5,38.78,2264.0,5.59,28.0,20.6
COW_1629,3,Holstein,Yes,16.5,66.6,38.51,1901.0,4.83,41.0,2.7
COW_1630,11,Guernsey,Yes,26.6,54.6,39.31,1096.0,5.99,29.8,55.7
COW_1631,8,Brown Swiss,No,32.8,72.8,39.49,1495.0,6.68,22.3,71.3
COW_1632,2,Holstein,No,20.9,72.1,39.13,1359.0,5.92,26.7,40.1
COW_1633,9,Holstein,Yes,33.7,50.5,39.21,1796.0,5.94,21.4,41.0
COW_1634,4,Holstein,No,35.8,41.5,39.43,1684.0,6.1,20.8,66.2
COW_1635,7,Jersey,Yes,12.8,61.7,38.93,2114.0,5.99,27.5,28.5
COW_1636,10,Holstein,Yes,16.1,68.5,39.33,1670.0,5.59,27.1,29.6
COW_1637,7,Holstein,Yes,34.7,83.8,39.05,1393.0,6.34,28.4,48.5
COW_1638,10,Holstein,Yes,34.9,86.4,38.88,1510.0,5.96,31.4,34.7
COW_1639,8,Jersey,No,12.5,66.4,39.45,1260.0,5.85,25.4,61.0
COW_1640,10,Jersey,Yes,10.4,77.7,39.04,1684.0,5.64,20.7,35.5
COW_1641,3,Holstein,Yes,14.2,62.0,38.83,1832.0,4.98,23.3,0.5
COW_1642,9,Jersey,Yes,35.9,77.3,39.04,1413.0,5.67,21.3,34.0
COW_1643,9,Holstein,Yes,14.7,50.2,39.17,1334.0,5.6,27.6,29.1
COW_1644,3,Holstein,Yes,23.1,58.6,38.9,1626.0,6.21,15.2,35.1
COW_1645,5,Guernsey,No,32.1,71.7,39.5,1346.0,6.6,23.0,61.4
COW_1646,8,Holstein,No,10.5,40.9,39.25,1266.0,6.16,32.3,42.7
COW_1647,5,Holstein,No,25.7,76.1,39.22,1627.0,6.69,24.9,68.9
COW_1648,5,Holstein,Yes,17.2,81.8,38.83,2572.0,4.76,26.6,15.4
COW_1649,7,Guernsey,Yes,32.4,60.0,39.17,1868.0,5.63,20.8,44.1
COW_1650,11,Jersey,Yes,17.4,62.4,38.75,1560.0,4.97,32.1,17.9
COW_1651,7,Holstein,Yes,27.9,82.6,38.79,1627.0,6.0,26.8,39.9
COW_1652,11,Jersey,Yes,27.5,78.8,38.86,2213.0,5.77,24.6,31.8
COW_1653,4,Holstein,No,15.8,54.4,39.2,1244.0,5.91,22.1,44.4
COW_1654,10,Holstein,Yes,10.9,56.2,39.09,1993.0,5.57,26.7,28.6
COW_1655,11,Holstein,Yes,20.6,73.9,38.78,1306.0,5.81,26.2,23.2
COW_1656,3,Holstein,Yes,17.5,68.2,38.86,2534.0,4.92,33.1,7.8
COW_1657,7,Holstein,Yes,31.0,48.1,39.22,1501.0,6.15,31.5,48.3
COW_1658,8,Guernsey,Yes,30.8,55.5,39.04,2438.0,5.78,18.8,43.0
COW_1659,10,Holstein,No,21.9,85.0,38.95,2228.0,5.86,19.2,37.8
COW_1660,4,Holstein,Yes,25.8,74.4,39.22,1548.0,6.4,31.0,51.1
COW_1661,11,Holstein,No,25.7,89.3,39.47,1199.0,7.03,22.7,65.0
COW_1662,4,Holstein,Yes,31.5,78.4,38.98,1857.0,5.4,21.0,27.6
COW_1663,8,Guernsey,Yes,21.1,87.1,39.17,1610.0,6.03,30.6,35.9
COW_1664,5,Holstein,Yes,17.2,50.8,38.48,1778.0,5.1,31.1,2.3
COW_1665,9,Holstein,No,16.9,78.6,39.16,1016.0,6.29,34.0,39.1
COW_1666,8,Jersey,No,23.9,41.0,39.07,1286.0,6.61,21.4,61.9
COW_1667,6,Holstein,Yes,21.7,73.5,38.87,1466.0,4.99,34.8,13.9
COW_1668,8,Holstein,Yes,21.4,63.5,38.71,2104.0,5.05,20.3,17.0
COW_1669,4,Holstein,Yes,12.4,57.3,38.98,2115.0,5.38,34.4,26.2
COW_1670,3,Holstein,Yes,28.7,83.1,38.69,2029.0,5.75,32.0,29.9
COW_1671,7,Brown Swiss,No,15.6,82.7,39.47,1605.0,6.33,30.9,53.6
COW_1672,3,Jersey,Yes,15.1,41.1,38.45,1641.0,4.54,36.3,1.1
COW_1673,4,Holstein,Yes,20.7,70.5,39.04,1828.0,5.38,26.2,31.4
COW_1674,7,Jersey,Yes,15.9,58.4,39.01,1977.0,4.91,20.0,22.8
COW_1675,6,Holstein,Yes,25.2,60.8,39.02,1471.0,5.71,22.5,37.1
COW_1676,9,Holstein,Yes,19.7,81.6,38.79,1874.0,5.34,18.0,17.2
COW_1677,10,Holstein,Yes,21.7,55.5,38.76,1755.0,5.36,22.4,26.8
COW_1678,4,Holstein,Yes,24.0,87.2,39.18,2284.0,6.18,28.4,29.6
COW_1679,11,Holstein,Yes,15.3,49.0,38.91,2071.0,5.66,26.7,27.7
COW_1680,4,Holstein,Yes,14.0,73.1,38.54,2136.0,5.23,27.4,14.3
COW_1681,4,Guernsey,No,32.9,73.6,39.35,913.0,6.29,18.4,61.7
COW_1682,7,Holstein,Yes,21.3,52.6,38.77,1955.0,5.05,18.4,11.7
COW_1683,2,Holstein,Yes,20.7,56.2,39.04,1714.0,5.4,27.9,23.9
COW_1684,8,Holstein,Yes,10.9,81.7,38.71,1787.0,5.08,30.1,20.7
COW_1685,2,Holstein,Yes,22.9,78.1,38.87,1194.0,5.42,21.2,32.0
COW_1686,6,Holstein,Yes,24.4,56.5,39.11,1268.0,5.53,22.3,41.2
COW_1687,11,Holstein,Yes,24.5,66.7,39.14,1674.0,5.42,34.0,29.5
COW_1688,9,Jersey,Yes,28.4,43.1,38.77,2097.0,5.91,32.3,35.8
COW_1689,5,Holstein,No,14.6,50.4,39.15,1450.0,5.87,17.8,39.2
COW_1690,6,Holstein,Yes,16.6,64.3,38.77,1672.0,5.24,27.1,13.9
COW_1691,5,Holstein,Yes,31.1,44.3,39.18,2069.0,6.27,30.6,46.6
COW_1692,5,Holstein,Yes,34.6,82.2,39.15,1707.0,5.67,26.3,22.4
COW_1693,9,Holstein,Yes,13.5,75.9,38.78,1797.0,5.29,26.4,12.2
COW_1694,3,Jersey,Yes,22.9,87.2,39.05,1705.0,5.73,32.4,35.8
COW_1695,2,Holstein,No,15.6,74.7,39.22,1181.0,5.79,29.8,39.0
COW_1696,4,Holstein,Yes,11.6,87.0,38.59,2086.0,5.04,33.6,14.2
COW_1697,10,Holstein,Yes,18.5,67.7,38.5,1621.0,5.31,26.7,15.6
COW_1698,5,Holstein,Yes,13.7,70.0,38.91,1851.0,5.7,31.9,12.4
COW_1699,11,Holstein,Yes,28.5,88.8,38.84,1851.0,6.09,33.8,24.4
COW_1700,6,Jersey,Yes,23.9,72.1,38.86,2244.0,6.14,24.6,43.4
COW_1701,3,Holstein,Yes,13.7,41.5,39.18,1238.0,5.83,23.7,32.4
COW_1702,5,Jersey,Yes,10.2,76.2,38.64,2177.0,5.6,35.0,16.5
COW_1703,3,Holstein,Yes,31.0,85.3,38.71,2145.0,5.53,39.0,18.6
COW_1704,3,Jersey,Yes,14.6,79.8,38.97,1696.0,4.4,41.6,7.3
COW_1705,5,Holstein,No,25.8,69.2,38.97,1716.0,5.99,22.0,58.2
COW_1706,7,Jersey,Yes,18.8,73.6,38.82,2249.0,5.84,24.5,31.9
COW_1707,8,Holstein,No,25.2,89.5,39.18,1283.0,5.86,18.7,52.1
COW_1708,11,Guernsey,No,18.2,44.5,39.04,1720.0,5.69,25.8,33.3
COW_1709,4,Holstein,Yes,12.3,73.4,38.52,2119.0,4.75,23.1,3.6
COW_1710,4,Holstein,Yes,15.8,54.2,38.64,2040.0,5.22,25.0,19.1
COW_1711,11,Holstein,Yes,14.9,72.0,39.02,2141.0,5.18,32.0,14.1
COW_1712,7,Jersey,Yes,21.1,70.4,38.77,1964.0,5.04,30.9,12.7
COW_1713,4,Holstein,Yes,27.1,47.7,39.21,1776.0,6.22,15.8,42.6
COW_1714,3,Jersey,No,16.9,50.3,39.08,1331.0,5.89,32.9,36.2
COW_1715,9,Holstein,No,10.3,71.1,39.25,1594.0,6.13,18.7,52.0
COW_1716,6,Holstein,Yes,23.5,46.4,39.06,1590.0,5.22,21.6,26.1
COW_1717,2,Holstein,Yes,25.7,53.3,38.96,1218.0,6.25,18.7,43.3
COW_1718,4,Brown Swiss,Yes,35.0,81.8,39.14,1460.0,5.8,21.7,39.3
COW_1719,11,Jersey,No,25.3,56.4,39.49,1485.0,6.37,18.2,63.0
COW_1720,9,Guernsey,Yes,22.3,64.4,39.01,2027.0,5.27,23.3,15.7
COW_1721,5,Holstein,Yes,24.9,87.1,39.32,1255.0,5.6,13.1,34.5
COW_1722,8,Holstein,Yes,34.1,51.4,39.16,1290.0,5.95,25.1,52.7
COW_1723,11,Jersey,Yes,31.5,59.5,39.24,1884.0,5.97,26.4,42.6
COW_1724,3,Holstein,No,18.4,70.3,38.66,1825.0,5.79,36.8,40.3
COW_1725,8,Jersey,Yes,16.2,77.8,38.99,2217.0,5.74,31.2,12.3
COW_1726,6,Guernsey,Yes,16.8,85.1,38.73,2322.0,5.33,24.9,11.5
COW_1727,6,Guernsey,No,23.1,85.8,39.57,1382.0,7.29,15.2,80.3
COW_1728,7,Jersey,Yes,29.3,78.8,39.09,1541.0,5.31,25.2,32.9
COW_1729,10,Holstein,Yes,23.1,51.4,39.01,1711.0,5.6,27.9,35.2
COW_1730,7,Holstein,Yes,11.8,41.2,38.91,2385.0,5.18,24.5,23.1
COW_1731,9,Brown Swiss,Yes,28.8,59.2,39.25,2623.0,5.53,26.2,37.2
COW_1732,8,Holstein,Yes,31.0,47.1,39.35,1527.0,6.78,30.3,68.0
COW_1733,10,Jersey,Yes,17.5,75.5,38.68,2014.0,5.62,25.5,24.7
COW_1734,5,Jersey,Yes,27.3,73.1,39.59,1671.0,6.57,14.2,58.8
COW_1735,3,Holstein,Yes,21.1,42.2,39.09,1703.0,5.69,30.5,34.9
COW_1736,8,Brown Swiss,No,33.1,81.8,39.66,1753.0,6.44,23.7,65.6
COW_1737,7,Holstein,No,32.0,52.4,39.38,1819.0,6.59,15.5,55.0
COW_1738,2,Holstein,Yes,23.7,61.6,38.79,1832.0,6.22,28.4,37.3
COW_1739,10,Holstein,Yes,28.0,73.4,39.13,1572.0,5.83,20.6,38.9
COW_1740,10,Holstein,Yes,33.0,61.5,38.98,1118.0,6.26,26.9,38.5
COW_1741,3,Holstein,Yes,22.9,62.1,38.85,2082.0,5.46,38.1,20.0
COW_1742,4,Holstein,No,18.1,43.3,38.99,1767.0,5.94,25.0,33.8
COW_1743,6,Jersey,Yes,29.6,60.1,38.85,1389.0,5.66,30.5,49.8
COW_1744,6,Guernsey,Yes,15.7,78.2,38.72,1408.0,5.24,20.8,18.8
COW_1745,2,Holstein,Yes,20.1,85.8,38.94,2254.0,4.93,20.8,0.5
COW_1746,9,Holstein,Yes,32.5,60.7,39.18,1080.0,6.38,34.4,47.4
COW_1747,9,Guernsey,Yes,28.8,61.2,39.02,1767.0,5.63,27.1,39.0
COW_1748,5,Holstein,Yes,20.5,75.1,38.98,2245.0,4.54,32.6,8.5
COW_1749,8,Holstein,No,15.6,87.1,39.26,1625.0,6.34,28.1,58.7
COW_1750,11,Holstein,No,19.3,53.4,39.16,1448.0,6.39,21.7,51.5
COW_1751,4,Holstein,Yes,17.4,62.0,38.92,1404.0,4.8,33.0,10.9
COW_1752,7,Holstein,Yes,14.6,79.8,38.89,1943.0,5.32,30.1,27.7
COW_1753,11,Brown Swiss,No,29.3,70.5,39.24,1778.0,6.6,16.6,60.8
COW_1754,11,Holstein,Yes,16.6,45.5,38.44,1653.0,5.19,36.8,19.2
COW_1755,10,Holstein,Yes,21.8,71.4,38.66,2039.0,5.41,35.3,17.7
COW_1756,2,Holstein,Yes,20.0,49.3,38.72,2371.0,5.11,20.3,17.9
COW_1757,6,Holstein,No,35.5,65.5,39.22,1659.0,6.11,25.0,45.7
COW_1758,5,Jersey,Yes,20.2,66.5,38.75,1674.0,5.66,26.3,27.6
COW_1759,9,Jersey,Yes,12.1,83.8,39.22,2151.0,5.19,34.7,28.8
COW_1760,2,Jersey,No,12.3,63.1,38.92,1400.0,6.28,18.1,43.2
COW_1761,10,Holstein,No,25.4,54.0,39.57,1059.0,6.3,37.3,63.3
COW_1762,7,Guernsey,No,25.6,51.5,39.26,1778.0,6.48,22.9,58.3
COW_1763,5,Jersey,Yes,20.9,83.7,38.88,1731.0,5.07,32.7,8.5
COW_1764,10,Jersey,Yes,21.2,48.6,38.96,1702.0,5.08,35.2,23.4
COW_1765,6,Holstein,Yes,11.4,61.3,38.67,1485.0,5.62,24.9,31.8
COW_1766,6,Holstein,No,23.4,49.4,39.39,1272.0,6.79,21.6,65.2
COW_1767,6,Holstein,Yes,23.1,78.7,38.86,2273.0,5.5,24.3,27.9
COW_1768,2,Jersey,Yes,13.9,63.7,38.66,2431.0,5.63,22.8,19.0
COW_1769,2,Holstein,No,12.7,57.6,39.0,2382.0,5.93,28.2,25.7
COW_1770,9,Holstein,Yes,13.2,58.1,39.15,2164.0,5.2,26.3,22.8
COW_1771,9,Guernsey,Yes,12.6,82.6,38.49,1949.0,5.16,24.3,16.2
COW_1772,7,Guernsey,Yes,25.9,67.7,38.86,1246.0,5.26,24.2,31.2
COW_1773,5,Guernsey,Yes,15.1,75.9,38.49,1869.0,4.76,32.6,2.5
COW_1774,3,Holstein,Yes,16.5,84.9,38.69,2776.0,5.26,24.5,14.2
COW_1775,3,Jersey,Yes,14.5,85.1,38.63,1770.0,5.13,27.7,5.6
COW_1776,10,Holstein,Yes,34.9,56.4,38.91,2218.0,5.59,30.7,38.3
COW_1777,6,Holstein,Yes,32.2,87.6,39.19,1656.0,5.92,26.4,33.0
COW_1778,5,Holstein,Yes,16.0,41.2,38.91,906.0,5.3,23.2,8.4
COW_1779,11,Holstein,Yes,18.5,58.8,39.47,1855.0,6.38,25.1,43.5
COW_1780,2,Holstein,No,15.5,84.8,38.84,2173.0,5.69,28.8,34.8
COW_1781,8,Jersey,Yes,22.8,53.7,38.8,1629.0,5.24,30.3,33.4
COW_1782,4,Holstein,Yes,10.5,53.7,38.94,2253.0,5.47,23.3,18.6
COW_1783,7,Jersey,No,27.5,55.1,39.72,896.0,7.07,18.9,75.1
COW_1784,6,Holstein,Yes,23.6,70.6,39.22,1178.0,6.01,21.6,41.7
COW_1785,6,Holstein,No,33.4,61.9,39.49,1573.0,6.5,20.5,55.5
COW_1786,6,Holstein,No,14.3,76.3,39.01,1827.0,5.92,27.6,35.4
COW_1787,2,Holstein,Yes,30.9,84.7,38.95,2123.0,5.52,28.6,42.9
COW_1788,2,Holstein,No,30.6,73.7,39.37,1615.0,6.35,27.1,73.5
COW_1789,4,Holstein,Yes,13.3,50.2,38.75,1409.0,5.19,27.5,17.0
COW_1790,11,Holstein,Yes,20.4,86.6,38.92,1909.0,5.59,19.9,20.6
COW_1791,5,Holstein,Yes,14.4,53.2,38.9,2107.0,4.98,32.2,13.5
COW_1792,6,Holstein,Yes,16.6,47.5,39.06,1108.0,5.62,27.8,30.4
COW_1793,3,Guernsey,No,16.8,44.5,39.04,1710.0,5.73,26.6,33.9
COW_1794,9,Holstein,Yes,24.5,68.2,39.14,1516.0,6.36,18.6,37.4
COW_1795,3,Jersey,Yes,20.7,45.7,38.82,1674.0,5.02,27.9,5.7
COW_1796,10,Jersey,Yes,34.6,46.9,38.7,1874.0,5.28,19.8,28.8
COW_1797,3,Guernsey,Yes,13.3,55.0,38.76,1465.0,5.26,31.5,21.6
COW_1798,10,Jersey,Yes,35.3,54.1,39.24,1656.0,6.8,21.7,54.9
COW_1799,8,Holstein,Yes,16.0,70.2,38.96,1947.0,5.75,23.9,25.3
COW_1800,9,Jersey,No,30.1,80.8,39.37,1718.0,6.43,15.3,62.7
COW_1801,3,Guernsey,Yes,18.8,78.1,39.21,1235.0,5.8,29.6,48.5
COW_1802,8,Holstein,No,13.7,53.1,39.22,1030.0,6.2,21.8,62.2
COW_1803,7,Holstein,Yes,32.3,52.3,39.15,1809.0,6.19,26.6,35.0
COW_1804,5,Holstein,No,18.0,88.3,39.15,1550.0,5.83,21.5,37.9
COW_1805,8,Jersey,Yes,27.1,40.4,39.16,2521.0,5.89,16.5,46.2
COW_1806,5,Jersey,Yes,24.7,84.0,38.91,1845.0,5.73,23.1,34.9
COW_1807,3,Holstein,Yes,22.3,50.0,38.78,1978.0,4.86,27.2,1.2
COW_1808,11,Holstein,No,22.9,87.4,39.29,1451.0,6.74,24.7,51.5
COW_1809,8,Holstein,Yes,29.0,57.1,39.11,1161.0,5.99,22.1,53.3
COW_1810,9,Holstein,No,12.3,62.0,39.46,1500.0,7.12,18.2,73.2
COW_1811,3,Brown Swiss,Yes,27.4,75.4,39.05,1706.0,5.66,18.5,31.8
COW_1812,6,Holstein,Yes,33.3,69.4,39.38,1456.0,6.72,23.3,61.0
COW_1813,2,Holstein,Yes,11.5,55.9,38.83,1919.0,5.56,23.9,19.0
COW_1814,8,Holstein,No,13.7,67.7,39.17,1654.0,6.12,30.9,43.1
COW_1815,9,Jersey,Yes,28.6,76.5,39.43,972.0,6.31,23.9,59.1
COW_1816,7,Holstein,No,21.4,42.1,39.23,1948.0,5.85,28.5,39.8
COW_1817,6,Jersey,No,20.5,40.6,39.12,1408.0,5.73,24.6,32.7
COW_1818,7,Holstein,Yes,13.6,62.9,38.69,1813.0,4.81,29.3,15.6
COW_1819,3,Holstein,Yes,23.2,46.6,38.9,2079.0,6.27,20.9,37.4
COW_1820,2,Holstein,Yes,13.3,73.2,38.59,2636.0,5.03,22.4,14.6
COW_1821,8,Holstein,Yes,22.4,50.7,39.13,1204.0,5.06,27.7,20.0
COW_1822,8,Holstein,No,29.9,61.6,39.39,1446.0,6.03,25.1,64.3
COW_1823,11,Guernsey,Yes,16.7,49.9,39.15,1925.0,4.76,16.9,18.4
COW_1824,11,Jersey,Yes,22.5,67.4,38.89,1236.0,5.71,24.2,23.8
COW_1825,3,Brown Swiss,No,35.8,45.8,39.11,1845.0,5.92,33.6,40.4
COW_1826,3,Holstein,Yes,27.9,41.2,38.98,1744.0,5.6,28.6,37.2
COW_1827,2,Brown Swiss,Yes,31.9,42.6,38.83,1885.0,5.5,36.0,23.7
COW_1828,11,Holstein,Yes,20.8,87.7,38.74,1478.0,5.26,24.0,19.9
COW_1829,9,Holstein,Yes,30.0,47.1,38.9,1784.0,6.03,23.0,35.6
COW_1830,9,Holstein,Yes,11.1,75.4,39.19,1885.0,6.02,29.7,43.6
COW_1831,2,Holstein,No,13.2,43.4,39.17,1734.0,5.74,29.1,32.4
COW_1832,9,Jersey,Yes,15.3,45.4,39.11,1700.0,4.73,28.1,10.8
COW_1833,10,Holstein,Yes,20.5,65.4,38.8,1645.0,5.21,20.5,16.9
COW_1834,5,Holstein,Yes,32.0,63.2,39.0,1733.0,6.01,31.4,38.7
COW_1835,2,Holstein,Yes,19.0,87.6,38.59,1936.0,4.89,43.4,10.1
COW_1836,2,Holstein,Yes,27.0,87.2,38.99,2167.0,5.61,19.1,22.7
COW_1837,4,Holstein,No,28.4,79.0,39.39,1356.0,6.94,29.9,55.0
COW_1838,6,Holstein,Yes,25.2,70.1,38.8,1322.0,5.75,24.1,26.6
COW_1839,6,Jersey,Yes,19.3,62.7,38.81,1869.0,5.97,24.8,22.3
COW_1840,10,Jersey,Yes,25.0,57.8,39.09,1572.0,5.8,27.9,33.5
COW_1841,11,Holstein,Yes,18.9,87.4,39.17,1872.0,5.85,18.9,45.9
COW_1842,3,Holstein,Yes,12.2,70.1,39.02,1770.0,5.57,26.7,26.0
COW_1843,3,Holstein,Yes,35.8,69.0,38.69,2070.0,5.83,18.8,13.5
COW_1844,7,Jersey,Yes,13.3,51.6,38.46,1507.0,5.01,31.3,7.3
COW_1845,10,Holstein,Yes,11.9,42.3,38.74,1846.0,5.18,39.4,20.6
COW_1846,2,Holstein,Yes,32.8,87.3,39.24,1376.0,5.76,21.5,48.3
COW_1847,10,Holstein,Yes,17.8,55.7,39.12,1395.0,5.23,27.0,18.3
COW_1848,10,Holstein,No,26.9,62.1,39.25,1215.0,6.2,22.4,53.2
COW_1849,10,Holstein,Yes,18.6,45.7,39.35,1509.0,6.17,31.0,35.7
COW_1850,6,Jersey,Yes,20.2,81.8,38.95,2286.0,5.38,30.0,15.5
COW_1851,10,Holstein,Yes,16.8,41.4,38.69,1576.0,5.73,32.0,22.4
COW_1852,5,Holstein,Yes,18.9,81.7,38.74,1430.0,4.98,26.0,13.0
COW_1853,3,Jersey,Yes,20.7,47.0,38.99,1850.0,5.13,29.7,25.0
COW_1854,7,Jersey,Yes,28.7,84.3,38.84,1559.0,5.87,12.0,54.4
COW_1855,5,Holstein,Yes,23.3,76.5,39.19,1468.0,5.73,28.4,41.3
COW_1856,7,Holstein,Yes,34.5,48.2,39.2,1629.0,5.87,19.5,38.7
COW_1857,4,Holstein,Yes,11.1,68.3,38.87,2206.0,5.41,26.1,14.8
COW_1858,7,Guernsey,Yes,23.1,55.6,38.94,1971.0,5.77,30.5,28.1
COW_1859,3,Holstein,Yes,25.2,48.9,38.99,1881.0,5.41,17.9,33.7
COW_1860,3,Guernsey,Yes,33.9,83.0,38.99,1282.0,5.8,31.3,35.6
COW_1861,10,Jersey,Yes,11.3,60.2,38.77,2747.0,5.35,25.9,23.5
COW_1862,8,Holstein,Yes,24.9,59.9,38.88,2070.0,5.8,33.7,31.3
COW_1863,4,Holstein,Yes,32.2,48.5,38.88,1927.0,5.71,21.8,34.0
COW_1864,2,Holstein,Yes,16.3,59.2,38.71,1482.0,4.72,18.5,3.2
COW_1865,9,Holstein,No,32.8,83.6,39.29,1689.0,6.85,22.1,59.2
COW_1866,7,Holstein,Yes,10.5,58.2,38.68,1659.0,5.87,31.2,12.4
COW_1867,8,Jersey,Yes,29.0,87.6,39.1,1643.0,5.91,29.6,43.0
COW_1868,10,Brown Swiss,Yes,34.3,87.3,39.53,894.0,6.79,16.5,74.5
COW_1869,6,Holstein,No,27.1,47.2,39.2,1117.0,6.32,15.6,56.1
COW_1870,2,Jersey,Yes,21.4,48.9,38.86,2023.0,5.18,26.4,15.8
COW_1871,11,Holstein,Yes,11.2,83.1,39.01,1975.0,5.72,27.9,40.5
COW_1872,8,Holstein,Yes,33.9,59.6,39.02,1927.0,5.81,28.3,31.4
COW_1873,6,Holstein,Yes,22.2,40.2,38.96,2082.0,5.01,36.7,15.5
COW_1874,4,Holstein,Yes,10.8,53.7,39.01,1601.0,5.51,23.1,41.4
COW_1875,10,Guernsey,Yes,27.9,69.9,38.92,1499.0,6.0,15.8,38.0
COW_1876,2,Jersey,No,22.5,80.0,38.99,1792.0,5.76,32.1,32.4
COW_1877,2,Holstein,No,13.2,46.7,39.07,1739.0,6.23,24.2,57.7
COW_1878,2,Holstein,Yes,15.6,45.5,38.79,1830.0,5.02,29.3,15.2
COW_1879,4,Holstein,Yes,11.7,86.1,38.78,2274.0,5.4,32.0,29.2
COW_1880,7,Holstein,No,24.9,77.6,38.81,1495.0,5.91,30.3,51.6
COW_1881,11,Jersey,Yes,26.2,69.5,39.14,1330.0,5.84,25.3,33.3
COW_1882,4,Jersey,Yes,23.1,78.5,38.87,1772.0,5.94,33.4,15.0
COW_1883,9,Holstein,Yes,31.2,61.4,39.45,1530.0,6.52,25.9,53.0
COW_1884,11,Holstein,Yes,32.4,77.9,39.11,1618.0,5.56,22.0,42.2
COW_1885,3,Holstein,Yes,26.0,58.6,39.08,2163.0,5.35,25.1,32.8
COW_1886,10,Holstein,Yes,10.3,52.2,39.1,2041.0,5.59,30.1,26.5
COW_1887,4,Holstein,Yes,28.1,76.5,39.05,1178.0,5.55,21.7,36.5
COW_1888,6,Holstein,Yes,20.9,61.0,38.9,2322.0,4.99,31.8,21.2
COW_1889,11,Jersey,Yes,24.7,89.1,38.96,702.0,6.32,24.8,48.0
COW_1890,9,Jersey,Yes,26.9,57.5,39.41,2192.0,6.33,25.6,47.9
COW_1891,3,Holstein,No,19.1,86.1,38.91,1649.0,5.69,34.3,26.3
COW_1892,7,Holstein,Yes,33.8,86.6,38.82,1657.0,5.73,28.2,36.2
COW_1893,6,Holstein,Yes,13.5,52.1,39.04,1736.0,5.54,27.1,23.9
COW_1894,11,Holstein,No,27.5,79.9,38.95,1608.0,6.21,22.9,58.8
COW_1895,10,Jersey,No,10.1,61.7,39.29,1436.0,6.68,21.9,65.7
COW_1896,6,Holstein,Yes,34.0,85.9,39.24,1580.0,6.36,26.5,37.6
COW_1897,3,Holstein,Yes,12.9,62.5,38.58,2477.0,4.79,37.6,0.7
COW_1898,6,Holstein,Yes,12.5,77.2,38.66,2083.0,4.94,24.8,18.6
COW_1899,5,Guernsey,No,18.7,63.3,39.0,1337.0,5.59,21.9,34.8
COW_1900,8,Holstein,No,19.7,51.4,38.88,1793.0,5.95,30.4,48.5
COW_1901,7,Holstein,No,15.6,50.0,39.22,1785.0,6.05,22.1,50.8
COW_1902,3,Holstein,Yes,25.2,61.3,38.85,1603.0,4.89,28.5,26.2
COW_1903,6,Jersey,Yes,21.5,77.8,38.98,1952.0,5.89,22.7,35.4
COW_1904,8,Brown Swiss,Yes,10.9,70.3,38.76,1790.0,5.43,18.6,20.2
COW_1905,8,Holstein,Yes,18.3,74.4,38.85,1731.0,4.94,28.6,20.7
COW_1906,6,Guernsey,Yes,31.1,54.1,39.16,1571.0,5.63,31.0,42.5
COW_1907,10,Guernsey,Yes,27.9,64.1,39.02,865.0,5.81,25.4,27.2
COW_1908,5,Guernsey,Yes,28.8,42.2,38.84,1494.0,5.79,18.0,36.2
COW_1909,4,Holstein,Yes,28.2,80.9,39.01,2009.0,5.68,27.4,18.5
COW_1910,5,Holstein,Yes,18.1,89.5,39.12,1655.0,5.82,21.6,38.2
COW_1911,6,Holstein,Yes,12.6,60.3,38.79,1399.0,5.48,14.2,12.1
COW_1912,7,Jersey,Yes,17.1,40.5,38.95,2218.0,5.16,27.7,21.1
COW_1913,4,Holstein,Yes,31.6,48.5,39.08,1543.0,5.67,27.8,42.7
COW_1914,3,Jersey,No,35.5,72.6,39.58,1051.0,6.43,27.0,65.7
COW_1915,5,Holstein,Yes,22.8,70.6,39.19,2470.0,5.87,35.4,30.2
COW_1916,6,Jersey,No,10.3,79.4,39.48,1111.0,6.65,25.0,67.4
COW_1917,5,Jersey,Yes,13.6,52.7,38.77,2099.0,5.63,32.2,21.6
COW_1918,4,Holstein,Yes,18.4,78.2,38.67,1632.0,5.17,21.6,7.7
COW_1919,9,Jersey,Yes,25.0,74.4,39.18,1751.0,5.21,34.5,38.0
COW_1920,11,Holstein,Yes,12.0,56.1,38.98,1269.0,5.92,30.1,46.9
COW_1921,5,Jersey,No,34.5,67.3,39.16,1157.0,5.98,22.1,49.6
COW_1922,3,Holstein,Yes,19.5,47.4,38.87,1945.0,5.34,30.5,25.3
COW_1923,3,Holstein,No,33.7,62.6,39.28,1508.0,6.58,24.5,79.9
COW_1924,2,Guernsey,Yes,30.3,84.1,38.96,2248.0,5.58,35.9,21.4
COW_1925,5,Holstein,No,29.6,61.1,39.45,1395.0,6.95,21.4,70.7
COW_1926,11,Jersey,Yes,25.8,82.0,39.0,2341.0,5.91,21.2,45.2
COW_1927,10,Holstein,No,26.3,69.5,39.48,1484.0,6.58,19.9,69.1
COW_1928,8,Holstein,Yes,26.6,49.6,39.07,1818.0,5.77,29.6,42.7
COW_1929,11,Holstein,Yes,26.3,69.1,39.18,1065.0,6.5,14.1,61.3
COW_1930,8,Holstein,Yes,24.4,65.3,38.96,1446.0,5.94,12.7,33.3
COW_1931,8,Holstein,No,35.6,59.9,39.31,1676.0,6.5,27.8,54.9
COW_1932,9,Holstein,Yes,29.0,46.0,39.13,1678.0,5.91,27.5,32.2
COW_1933,2,Holstein,Yes,30.2,60.8,39.11,1625.0,5.57,24.3,50.4
COW_1934,11,Holstein,No,32.7,43.6,39.64,1073.0,6.99,15.1,79.4
COW_1935,11,Brown Swiss,Yes,15.6,44.9,39.03,1904.0,5.59,18.5,18.8
COW_1936,9,Brown Swiss,Yes,12.2,60.8,38.6,1904.0,5.13,24.6,19.3
COW_1937,5,Holstein,Yes,22.6,55.3,39.1,1274.0,6.12,27.4,25.3
COW_1938,5,Jersey,Yes,23.4,86.3,38.99,2029.0,5.35,24.1,20.7
COW_1939,5,Holstein,No,31.6,58.8,39.17,1031.0,6.21,28.5,41.3
COW_1940,7,Jersey,No,21.5,77.9,39.31,1663.0,5.75,20.0,44.9
COW_1941,8,Jersey,Yes,24.8,66.5,39.29,2343.0,5.36,23.7,28.7
COW_1942,7,Guernsey,No,23.7,75.2,39.34,1686.0,6.59,26.4,62.7
COW_1943,2,Holstein,Yes,11.0,53.0,38.77,2093.0,5.51,25.8,18.2
COW_1944,9,Jersey,Yes,26.0,87.1,39.38,1248.0,6.29,22.1,51.2
COW_1945,11,Holstein,Yes,31.5,66.5,39.17,2258.0,5.53,22.3,40.7
COW_1946,8,Brown Swiss,Yes,14.1,81.6,38.76,2040.0,6.06,20.6,43.2
COW_1947,7,Holstein,Yes,25.5,58.3,39.18,1300.0,6.47,25.9,46.4
COW_1948,7,Holstein,No,25.4,45.0,39.17,1384.0,6.7,26.0,53.9
COW_1949,6,Jersey,No,14.3,73.7,39.36,1848.0,6.35,24.1,64.6
COW_1950,7,Jersey,Yes,13.2,40.4,38.73,2560.0,4.75,24.9,16.4
COW_1951,10,Holstein,Yes,35.5,63.8,38.94,1294.0,5.84,25.4,32.0
COW_1952,11,Guernsey,Yes,20.2,49.6,38.69,1466.0,5.25,36.7,29.4
COW_1953,10,Holstein,No,15.9,71.4,39.26,1540.0,6.32,17.5,43.1
COW_1954,11,Holstein,No,14.5,89.0,39.32,930.0,5.98,34.8,36.6
COW_1955,9,Holstein,Yes,27.4,63.2,38.84,1734.0,5.43,26.9,30.9
COW_1956,11,Holstein,No,25.8,80.9,39.05,1863.0,6.35,22.6,61.0
COW_1957,10,Holstein,Yes,26.7,65.4,39.36,1021.0,6.89,26.7,59.2
COW_1958,11,Holstein,Yes,12.3,64.8,38.86,1845.0,5.39,16.0,29.3
COW_1959,9,Holstein,Yes,33.2,86.5,39.28,1433.0,5.72,31.8,36.3
COW_1960,9,Holstein,Yes,20.1,84.5,38.63,2445.0,4.9,38.2,17.2
COW_1961,2,Holstein,Yes,18.1,79.3,38.66,1681.0,4.93,34.9,12.2
COW_1962,11,Jersey,Yes,22.0,54.8,38.47,2418.0,5.15,16.3,12.6
COW_1963,6,Guernsey,Yes,20.1,67.3,38.95,1669.0,5.33,33.0,9.1
COW_1964,5,Holstein,Yes,32.5,51.2,39.04,1962.0,5.45,34.6,36.6
COW_1965,3,Holstein,Yes,34.2,62.2,38.76,1922.0,5.72,36.3,24.6
COW_1966,9,Holstein,Yes,17.9,64.2,38.61,1796.0,4.94,20.1,8.5
COW_1967,4,Holstein,Yes,32.5,81.6,38.79,1450.0,6.25,31.6,31.6
COW_1968,5,Jersey,No,30.3,84.8,39.23,1675.0,6.56,33.0,46.9
COW_1969,8,Holstein,Yes,34.2,60.7,39.04,1412.0,6.24,24.1,50.6
COW_1970,11,Holstein,Yes,16.4,40.9,38.89,1544.0,5.04,19.3,21.9
COW_1971,10,Holstein,Yes,25.0,83.1,39.44,2071.0,6.03,28.7,39.3
COW_1972,3,Holstein,No,17.1,48.7,38.98,1860.0,5.71,31.1,42.1
COW_1973,4,Jersey,No,31.4,71.1,39.14,1679.0,6.08,22.5,61.6
COW_1974,5,Brown Swiss,Yes,10.1,41.2,38.79,1750.0,5.19,21.8,10.9
COW_1975,11,Holstein,Yes,24.7,60.0,38.81,1642.0,5.51,31.2,30.8
COW_1976,2,Holstein,No,18.8,89.3,39.2,1658.0,5.41,22.5,25.9
COW_1977,8,Guernsey,Yes,18.4,45.0,39.12,1890.0,5.46,29.1,15.2
COW_1978,3,Guernsey,Yes,26.8,61.2,38.89,1993.0,5.38,35.3,27.3
COW_1979,6,Holstein,Yes,32.1,55.4,38.8,1739.0,6.1,17.8,30.9
COW_1980,2,Holstein,Yes,25.8,85.3,38.74,1553.0,5.15,33.0,17.7
COW_1981,4,Holstein,Yes,32.2,83.5,38.89,2014.0,5.69,25.5,27.6
COW_1982,3,Holstein,Yes,16.9,51.9,38.78,1918.0,5.13,27.7,11.1
COW_1983,2,Holstein,Yes,23.5,44.1,39.12,1230.0,5.73,29.1,26.8
COW_1984,8,Holstein,No,21.7,71.4,39.03,892.0,6.28,20.4,47.1
COW_1985,6,Holstein,Yes,10.3,56.8,39.11,1835.0,5.85,20.2,29.1
COW_1986,2,Holstein,No,24.5,73.6,39.19,1357.0,6.03,16.1,44.2
COW_1987,7,Jersey,Yes,27.2,41.6,38.96,1815.0,5.88,31.9,42.0
COW_1988,6,Holstein,Yes,25.4,46.7,38.79,1466.0,5.64,24.5,28.4
COW_1989,4,Holstein,Yes,29.1,74.3,38.93,1814.0,5.49,30.0,21.7
COW_1990,8,Holstein,No,24.9,50.6,39.1,1388.0,6.12,21.1,55.5
COW_1991,11,Holstein,No,11.7,82.9,39.25,2199.0,5.94,19.2,49.3
COW_1992,10,Brown Swiss,Yes,13.0,42.9,38.64,2193.0,5.35,31.5,13.6
COW_1993,10,Holstein,No,25.5,50.8,39.44,1819.0,6.66,23.9,66.5
COW_1994,10,Holstein,Yes,17.1,89.9,38.93,1751.0,5.64,25.3,33.9
COW_1995,3,Jersey,No,12.1,61.7,39.04,1869.0,5.97,26.2,42.4
COW_1996,4,Holstein,Yes,21.2,75.1,38.66,1976.0,4.97,23.6,3.8
COW_1997,8,Guernsey,No,24.4,49.1,39.48,1892.0,6.34,27.7,62.1
COW_1998,6,Holstein,Yes,18.5,70.5,38.65,1801.0,5.41,34.9,20.5
COW_1999,3,Holstein,Yes,28.7,76.3,38.87,1264.0,5.51,30.8,30.0
COW_2000,4,Holstein,Yes,26.7,55.7,38.71,1099.0,5.37,25.7,27.1
COW_2001,11,Holstein,Yes,18.7,81.4,38.9,2363.0,5.76,27.3,26.1
COW_2002,7,Jersey,Yes,29.6,70.2,38.86,1893.0,5.47,34.6,25.5
COW_2003,8,Jersey,Yes,26.9,59.5,38.72,1896.0,5.85,32.8,32.5
COW_2004,10,Holstein,Yes,26.6,67.9,39.04,2016.0,6.2,33.6,50.6
COW_2005,2,Holstein,Yes,24.4,68.8,39.29,1119.0,6.33,21.6,41.7
COW_2006,8,Jersey,Yes,10.3,48.3,38.84,1715.0,5.22,23.1,16.2
COW_2007,9,Guernsey,Yes,28.1,60.1,39.05,1606.0,5.95,26.5,33.3
COW_2008,4,Holstein,No,19.8,57.2,38.94,1970.0,5.69,28.3,26.1
COW_2009,5,Holstein,Yes,34.5,60.0,38.86,1548.0,5.08,26.5,24.7
COW_2010,11,Holstein,Yes,31.3,78.1,39.16,1165.0,6.12,21.9,65.2
COW_2011,7,Guernsey,Yes,25.3,64.1,39.29,1170.0,6.44,30.0,49.8
COW_2012,11,Holstein,Yes,16.6,87.0,39.0,2102.0,5.6,25.6,34.1
COW_2013,8,Holstein,Yes,15.3,54.7,38.94,1372.0,5.45,18.8,41.0
COW_2014,5,Jersey,Yes,18.9,60.8,38.84,1643.0,5.27,21.8,11.9
COW_2015,9,Holstein,Yes,22.4,79.3,38.5,2026.0,5.16,28.6,24.2
COW_2016,6,Holstein,No,17.7,67.3,39.23,1354.0,6.16,38.9,47.4
COW_2017,2,Holstein,Yes,23.4,67.4,38.73,1150.0,5.98,21.4,18.8
COW_2018,5,Holstein,Yes,14.3,42.7,38.77,1270.0,5.43,26.3,22.2
COW_2019,4,Holstein,Yes,35.4,59.9,38.77,1715.0,6.01,39.2,31.2
COW_2020,10,Holstein,Yes,12.8,53.5,38.9,1954.0,5.35,24.4,25.1
COW_2021,9,Holstein,No,34.2,90.0,39.52,1323.0,6.7,23.7,67.4
COW_2022,2,Holstein,Yes,33.8,55.4,39.06,1984.0,5.08,38.1,20.9
COW_2023,7,Jersey,Yes,23.7,84.2,38.88,1095.0,5.82,20.2,44.4
COW_2024,10,Jersey,Yes,28.8,73.8,39.28,1104.0,5.82,23.1,46.2
COW_2025,8,Holstein,Yes,21.3,57.0,38.75,2761.0,4.77,25.9,15.0
COW_2026,5,Holstein,Yes,26.4,67.2,38.93,2122.0,6.07,18.1,38.2
COW_2027,2,Holstein,No,18.9,82.0,39.23,1858.0,5.49,32.6,51.3
COW_2028,3,Holstein,No,17.8,84.2,38.95,1483.0,6.05,23.1,29.0
COW_2029,6,Holstein,No,25.0,48.0,39.48,1354.0,6.91,18.4,61.9
COW_2030,6,Jersey,No,23.0,57.0,39.3,1366.0,6.9,19.6,71.9
COW_2031,9,Holstein,Yes,25.1,56.8,38.97,2086.0,5.6,30.1,35.5
COW_2032,7,Holstein,Yes,17.5,42.1,39.06,1904.0,5.15,27.4,24.0
COW_2033,9,Holstein,No,19.5,69.9,39.29,1823.0,5.75,21.3,40.8
COW_2034,3,Jersey,No,12.2,82.7,39.17,1514.0,6.31,26.2,51.8
COW_2035,4,Holstein,No,11.4,59.1,38.67,1896.0,5.93,29.2,45.5
COW_2036,7,Holstein,Yes,16.6,77.0,38.97,1805.0,5.47,25.9,32.3
COW_2037,11,Holstein,Yes,11.9,71.4,39.0,1717.0,6.01,24.8,34.9
COW_2038,4,Guernsey,No,12.7,58.8,39.02,1409.0,6.29,30.6,39.3
COW_2039,7,Guernsey,Yes,31.1,47.1,39.07,1648.0,5.72,24.9,34.9
COW_2040,7,Holstein,No,11.0,75.5,39.03,1275.0,5.99,33.1,38.2
COW_2041,3,Holstein,Yes,27.1,82.7,39.09,1713.0,5.27,22.4,26.6
COW_2042,8,Holstein,Yes,17.1,74.3,38.87,1697.0,5.73,21.6,39.6
COW_2043,3,Holstein,Yes,32.7,40.9,39.11,911.0,5.69,21.9,23.9
COW_2044,7,Jersey,No,22.6,50.8,39.55,1395.0,6.56,21.7,52.6
COW_2045,2,Jersey,Yes,17.9,43.5,38.81,1332.0,5.48,26.6,28.6
COW_2046,4,Jersey,Yes,23.5,68.5,38.74,1974.0,5.37,20.0,28.6
COW_2047,3,Jersey,No,19.9,77.8,39.1,1885.0,5.71,26.1,25.3
COW_2048,8,Holstein,Yes,24.7,45.5,38.8,1572.0,5.6,29.2,30.1
COW_2049,5,Holstein,No,13.0,81.9,39.14,1705.0,6.35,16.8,54.2
COW_2050,9,Jersey,Yes,35.9,67.8,39.21,1866.0,5.34,22.9,29.5
COW_2051,7,Holstein,No,21.1,74.5,39.26,1518.0,6.05,27.3,44.5
COW_2052,11,Jersey,Yes,19.1,88.6,39.34,2181.0,5.92,20.0,32.2
COW_2053,5,Holstein,No,28.5,44.2,39.56,1114.0,6.83,19.4,73.5
COW_2054,6,Holstein,No,19.5,85.1,39.28,1840.0,6.48,27.1,62.7
COW_2055,10,Brown Swiss,Yes,31.7,46.3,39.04,1597.0,5.71,34.8,31.9
COW_2056,8,Holstein,Yes,21.8,59.6,39.03,1379.0,5.74,27.7,33.1
COW_2057,11,Brown Swiss,Yes,28.7,82.6,39.13,1475.0,6.09,23.7,45.7
COW_2058,10,Brown Swiss,Yes,12.8,85.3,38.97,1340.0,5.71,23.6,40.3
COW_2059,8,Jersey,No,32.0,65.3,39.45,1454.0,6.59,23.8,85.6
COW_2060,2,Jersey,Yes,29.1,69.7,38.87,1243.0,5.49,34.0,22.9
COW_2061,9,Holstein,Yes,15.5,75.4,38.65,2304.0,5.34,21.0,25.1
COW_2062,5,Guernsey,Yes,13.8,81.6,38.89,1385.0,6.21,30.8,30.2
COW_2063,4,Holstein,No,18.2,46.1,39.04,1934.0,5.57,22.3,39.4
COW_2064,8,Holstein,No,35.4,80.5,39.05,1417.0,6.42,18.3,70.0
COW_2065,4,Holstein,Yes,16.7,64.1,38.85,1999.0,5.07,27.7,14.9
COW_2066,9,Holstein,Yes,21.9,62.5,38.53,1604.0,5.47,33.1,20.9
COW_2067,7,Holstein,Yes,10.8,61.2,39.01,1896.0,5.03,28.6,27.5
COW_2068,6,Holstein,Yes,20.3,65.5,38.74,1796.0,5.37,28.2,37.8
COW_2069,5,Holstein,Yes,24.9,87.3,38.87,1240.0,5.72,28.6,31.1
COW_2070,9,Guernsey,Yes,34.8,67.4,39.25,1270.0,5.89,26.6,46.2
COW_2071,9,Holstein,Yes,23.4,87.7,39.37,1488.0,6.17,25.0,36.5
COW_2072,2,Guernsey,Yes,31.3,49.0,39.04,1428.0,5.68,29.0,31.1
COW_2073,10,Jersey,Yes,24.2,76.2,38.77,2059.0,5.67,22.0,48.7
COW_2074,6,Jersey,Yes,11.1,80.6,39.01,1800.0,5.58,30.9,28.9
COW_2075,5,Holstein,Yes,18.2,74.0,38.76,1563.0,5.66,32.8,16.8
COW_2076,7,Jersey,No,25.0,70.3,39.21,1396.0,6.31,27.3,59.0
COW_2077,7,Holstein,Yes,34.7,68.2,39.07,1538.0,6.01,30.1,34.6
COW_2078,3,Jersey,Yes,32.3,83.0,38.61,1640.0,6.03,29.0,27.1
COW_2079,9,Holstein,Yes,15.9,81.1,38.87,1413.0,5.19,33.8,25.8
COW_2080,8,Guernsey,No,15.7,46.1,39.4,1132.0,7.05,11.7,73.6
COW_2081,2,Brown Swiss,No,15.2,82.4,39.34,1825.0,5.72,28.6,49.8
COW_2082,6,Holstein,Yes,34.0,60.7,39.17,1718.0,5.97,35.5,32.7
COW_2083,7,Holstein,Yes,32.2,52.7,38.77,1637.0,5.75,22.6,31.3
COW_2084,5,Jersey,Yes,30.1,83.5,39.05,1808.0,5.71,23.4,27.4
COW_2085,3,Holstein,Yes,20.2,61.6,38.82,1871.0,5.44,35.8,19.2
COW_2086,5,Guernsey,Yes,23.1,80.4,38.85,1568.0,6.07,20.5,46.1
COW_2087,2,Holstein,Yes,22.1,53.2,38.7,2131.0,5.09,25.2,16.5
COW_2088,8,Holstein,Yes,16.6,40.2,38.95,2016.0,5.39,29.0,18.8
COW_2089,3,Brown Swiss,Yes,23.1,64.8,38.67,1241.0,5.41,23.1,23.2
COW_2090,3,Jersey,Yes,10.8,45.0,38.89,1888.0,4.97,34.3,3.1
COW_2091,10,Jersey,Yes,13.4,77.7,39.07,1034.0,6.78,19.4,55.5
COW_2092,6,Holstein,Yes,33.1,53.8,38.98,1829.0,6.37,26.8,34.0
COW_2093,3,Jersey,Yes,29.5,62.2,38.86,1957.0,5.71,27.4,32.5
COW_2094,10,Holstein,Yes,21.0,44.4,39.15,1528.0,5.66,35.4,20.5
COW_2095,10,Holstein,No,23.4,54.3,39.55,1203.0,7.21,24.4,89.6
COW_2096,2,Jersey,Yes,19.6,79.1,38.73,1021.0,5.12,24.1,27.3
COW_2097,4,Holstein,Yes,29.3,47.6,38.9,2181.0,5.26,20.7,11.2
COW_2098,5,Holstein,No,30.4,72.4,39.3,1766.0,6.61,28.0,49.7
COW_2099,8,Holstein,Yes,29.8,85.9,39.2,1997.0,5.78,21.7,49.7
COW_2100,11,Jersey,Yes,28.8,74.0,39.08,2086.0,6.55,23.1,43.0
COW_2101,5,Holstein,Yes,15.3,80.6,38.85,1390.0,5.59,22.0,13.8
COW_2102,3,Jersey,No,18.8,45.4,38.87,2029.0,5.76,29.9,23.7
COW_2103,8,Holstein,No,22.2,52.5,39.39,2071.0,6.19,21.5,37.7
COW_2104,7,Holstein,Yes,18.6,84.7,39.1,1231.0,5.33,26.6,29.2
COW_2105,4,Jersey,Yes,29.6,75.8,39.09,1695.0,5.5,26.6,25.5
COW_2106,7,Holstein,Yes,18.6,72.0,38.85,1762.0,5.47,29.7,9.7
COW_2107,7,Holstein,Yes,13.6,73.2,39.03,2029.0,5.48,29.9,28.0
COW_2108,6,Holstein,Yes,20.4,60.7,38.53,998.0,5.33,27.5,8.8
COW_2109,5,Holstein,Yes,35.5,42.2,39.19,2216.0,5.62,21.3,36.7
COW_2110,11,Jersey,Yes,15.9,79.2,38.91,1743.0,5.18,17.0,25.4
COW_2111,2,Holstein,No,25.9,73.9,39.4,1823.0,6.7,24.4,45.3
COW_2112,11,Jersey,Yes,21.3,63.6,39.11,1689.0,5.7,25.3,29.2
COW_2113,7,Holstein,Yes,11.8,85.0,38.87,2042.0,5.1,24.1,19.7
COW_2114,3,Holstein,Yes,22.7,56.8,38.9,849.0,6.43,24.8,47.6
COW_2115,4,Guernsey,No,28.3,54.7,39.17,1445.0,6.46,28.4,51.0
COW_2116,9,Holstein,Yes,23.3,83.6,39.07,1856.0,6.32,29.9,54.5
COW_2117,11,Holstein,Yes,32.7,79.8,39.07,1771.0,5.67,17.8,36.0
COW_2118,7,Holstein,Yes,17.5,65.7,38.81,1206.0,5.37,25.3,23.1
COW_2119,4,Holstein,Yes,12.2,46.5,38.75,1880.0,5.32,33.5,14.8
COW_2120,8,Holstein,No,34.4,50.8,39.47,1169.0,6.85,29.0,65.2
COW_2121,5,Holstein,Yes,19.8,72.8,38.64,1574.0,4.92,24.2,4.6
COW_2122,10,Holstein,Yes,25.0,59.3,39.25,1063.0,6.31,30.2,52.9
COW_2123,6,Holstein,Yes,30.6,81.8,38.87,1832.0,6.02,18.3,42.5
COW_2124,4,Holstein,Yes,18.4,87.5,38.7,2240.0,5.64,34.1,20.3
COW_2125,3,Holstein,No,28.6,80.3,39.29,2216.0,6.37,22.7,49.6
COW_2126,3,Holstein,Yes,13.5,58.9,38.53,1347.0,4.7,37.8,13.7
COW_2127,4,Jersey,Yes,17.6,79.4,39.12,2018.0,5.52,24.2,27.9
COW_2128,3,Brown Swiss,Yes,13.8,57.6,38.82,2272.0,4.73,27.5,4.2
COW_2129,5,Holstein,Yes,31.1,48.4,38.91,1537.0,5.75,25.8,25.3
COW_2130,3,Guernsey,No,15.8,41.7,39.74,1209.0,6.65,16.0,51.5
COW_2131,11,Holstein,Yes,28.7,59.3,39.25,1295.0,5.9,16.4,44.3
COW_2132,10,Holstein,No,34.5,85.2,39.3,1225.0,6.7,23.8,67.3
COW_2133,3,Holstein,No,23.7,51.9,39.32,1608.0,6.23,28.7,46.9
COW_2134,10,Holstein,Yes,24.0,50.3,39.31,1873.0,6.49,25.8,57.0
COW_2135,7,Holstein,Yes,22.0,88.5,38.97,1997.0,5.78,18.8,39.4
COW_2136,2,Holstein,Yes,18.5,41.3,38.72,1214.0,5.14,29.9,29.6
COW_2137,5,Holstein,Yes,22.4,79.3,38.97,1542.0,4.81,22.3,17.4
COW_2138,2,Guernsey,Yes,25.7,56.1,38.87,2182.0,5.95,28.6,40.3
COW_2139,7,Holstein,Yes,35.6,41.9,39.1,1377.0,6.13,30.5,43.3
COW_2140,5,Holstein,Yes,34.4,85.9,38.97,1600.0,6.08,26.7,50.6
COW_2141,4,Jersey,Yes,32.4,47.0,38.86,1132.0,6.0,33.9,35.0
COW_2142,4,Holstein,Yes,33.1,67.6,39.05,2025.0,5.59,24.5,40.8
COW_2143,10,Holstein,Yes,22.2,53.7,38.99,1082.0,5.13,25.5,33.8
COW_2144,7,Jersey,Yes,27.1,43.3,38.52,1186.0,5.62,27.2,30.4
COW_2145,10,Guernsey,Yes,33.3,42.5,39.02,2039.0,5.85,18.9,37.5
COW_2146,6,Jersey,No,20.2,45.8,39.08,2157.0,5.74,22.2,58.3
COW_2147,3,Jersey,Yes,35.0,43.6,39.2,1611.0,5.79,24.5,30.2
COW_2148,9,Jersey,No,20.8,78.0,39.68,1509.0,6.18,22.3,49.0
COW_2149,6,Guernsey,Yes,25.6,64.3,39.19,1791.0,6.11,24.8,51.1
COW_2150,3,Holstein,Yes,28.5,57.1,38.57,1938.0,5.24,19.5,25.7
COW_2151,5,Holstein,Yes,34.7,60.9,39.06,1541.0,5.23,19.7,43.0
COW_2152,10,Holstein,Yes,16.4,86.4,39.03,1492.0,5.73,31.1,36.5
COW_2153,5,Holstein,Yes,29.4,85.5,39.34,1146.0,5.66,15.3,27.4
COW_2154,5,Jersey,Yes,23.5,75.8,39.18,1838.0,5.7,30.0,26.3
COW_2155,3,Holstein,Yes,17.0,84.2,38.82,1899.0,4.96,27.0,3.2
COW_2156,7,Holstein,Yes,30.2,56.0,38.83,1604.0,5.71,27.6,24.9
COW_2157,3,Holstein,Yes,24.4,59.1,39.0,1421.0,4.86,35.4,20.6
COW_2158,8,Jersey,No,27.2,70.7,39.42,1157.0,6.42,21.6,59.0
COW_2159,4,Holstein,Yes,18.4,71.2,38.82,2096.0,5.36,31.7,22.5
COW_2160,4,Jersey,Yes,22.5,64.1,38.87,1908.0,5.9,25.3,39.2
COW_2161,6,Holstein,Yes,26.1,60.0,39.06,1659.0,5.71,26.4,30.6
COW_2162,4,Holstein,No,20.5,89.3,39.08,1510.0,5.43,24.2,37.7
COW_2163,3,Holstein,No,15.2,81.1,38.97,1421.0,5.87,29.9,27.3
COW_2164,11,Holstein,Yes,35.0,61.7,38.88,2045.0,5.5,22.5,32.9
COW_2165,10,Jersey,No,23.3,76.4,39.6,1166.0,7.23,14.5,91.9
COW_2166,3,Guernsey,Yes,29.1,53.5,39.16,1735.0,6.24,25.3,41.8
COW_2167,3,Holstein,Yes,20.7,45.0,38.53,1990.0,5.53,29.2,16.4
COW_2168,9,Holstein,No,19.2,57.6,39.41,1390.0,6.67,14.7,54.4
COW_2169,10,Holstein,No,20.6,60.1,38.96,1234.0,6.53,24.7,37.0
COW_2170,8,Jersey,Yes,20.6,40.8,38.47,1494.0,5.53,21.3,14.7
COW_2171,4,Jersey,No,24.1,80.7,39.4,1969.0,5.82,27.9,47.5
COW_2172,10,Holstein,Yes,24.1,58.0,39.05,1341.0,6.18,15.5,44.3
COW_2173,4,Holstein,No,22.9,69.0,39.34,1250.0,6.69,29.8,71.5
COW_2174,6,Jersey,Yes,13.5,43.7,38.96,1434.0,5.76,26.2,22.2
COW_2175,10,Holstein,Yes,22.9,48.7,39.24,1309.0,5.92,21.8,29.7
COW_2176,4,Holstein,Yes,14.4,84.5,38.64,1520.0,5.39,25.7,22.9
COW_2177,8,Holstein,Yes,13.3,70.4,38.76,2372.0,5.73,30.0,25.4
COW_2178,2,Holstein,Yes,34.2,87.5,38.88,1917.0,5.45,30.5,31.3
COW_2179,5,Guernsey,Yes,25.7,89.9,39.06,1573.0,5.61,25.3,22.9
COW_2180,5,Brown Swiss,Yes,27.1,58.6,39.21,2105.0,5.41,18.8,26.0
COW_2181,8,Holstein,Yes,20.4,54.9,38.84,1648.0,5.31,19.7,34.9
COW_2182,9,Holstein,Yes,33.6,82.9,39.17,2200.0,5.83,27.9,32.9
COW_2183,2,Holstein,Yes,26.6,89.9,38.89,2454.0,5.96,31.2,36.4
COW_2184,6,Holstein,Yes,30.0,71.5,39.06,2042.0,5.87,31.7,32.5
COW_2185,8,Holstein,Yes,19.6,79.8,38.7,1818.0,5.43,28.0,28.4
COW_2186,5,Holstein,No,35.0,79.1,39.39,1588.0,6.37,26.1,68.7
COW_2187,5,Holstein,No,31.3,57.8,39.54,1288.0,6.74,28.3,79.8
COW_2188,5,Holstein,Yes,32.2,68.7,38.93,1088.0,5.43,32.5,17.8
COW_2189,7,Holstein,Yes,14.5,81.7,38.78,1658.0,5.03,34.1,6.9
COW_2190,8,Holstein,Yes,17.0,74.4,38.57,1549.0,5.34,24.2,3.6
COW_2191,3,Holstein,Yes,17.4,41.1,38.78,1525.0,5.8,32.0,28.8
COW_2192,6,Holstein,Yes,17.0,56.8,38.84,2535.0,4.81,30.8,15.3
COW_2193,5,Brown Swiss,No,32.2,47.2,39.47,1839.0,6.18,26.4,51.1
COW_2194,4,Holstein,Yes,10.8,51.6,38.65,2135.0,4.74,36.9,5.5
COW_2195,8,Holstein,Yes,12.0,85.3,38.85,2173.0,4.57,30.3,8.9
COW_2196,7,Guernsey,Yes,17.1,41.8,38.89,1161.0,5.35,27.6,10.6
COW_2197,8,Brown Swiss,No,15.2,51.0,39.42,1696.0,6.36,18.1,54.9
COW_2198,6,Holstein,Yes,16.0,55.5,38.66,2199.0,5.23,26.4,18.7
COW_2199,7,Jersey,Yes,30.7,70.8,39.15,829.0,6.69,24.4,60.9
COW_2200,6,Holstein,Yes,24.6,66.7,38.81,2036.0,5.55,28.4,23.7
COW_2201,8,Holstein,Yes,10.2,50.9,39.04,1351.0,5.04,29.9,17.6
COW_2202,3,Holstein,Yes,21.2,48.2,38.82,1147.0,5.27,34.1,12.0
COW_2203,6,Jersey,Yes,20.6,51.8,38.87,2337.0,5.54,32.8,17.9
COW_2204,7,Jersey,No,13.0,65.1,39.12,1321.0,5.95,25.1,38.1
COW_2205,7,Holstein,Yes,27.6,53.6,38.86,1421.0,6.03,21.1,37.2
COW_2206,6,Holstein,Yes,28.3,87.4,39.27,2055.0,5.65,28.2,33.4
COW_2207,11,Holstein,Yes,28.7,63.2,39.12,1562.0,5.83,37.0,40.4
COW_2208,8,Holstein,Yes,28.9,42.9,39.29,1510.0,6.18,25.8,44.7
COW_2209,11,Holstein,Yes,10.0,76.5,38.77,1608.0,5.62,24.2,35.3
COW_2210,9,Jersey,Yes,34.8,56.4,39.26,1703.0,5.93,27.2,52.0
COW_2211,8,Jersey,Yes,31.2,72.7,39.28,1386.0,6.85,25.4,61.6
COW_2212,6,Jersey,No,33.5,54.0,39.05,1546.0,6.82,26.2,55.4
COW_2213,2,Guernsey,Yes,10.4,68.5,38.68,1649.0,5.72,35.4,23.2
COW_2214,6,Holstein,Yes,34.3,78.6,39.0,1664.0,5.85,25.9,47.5
COW_2215,11,Jersey,No,31.1,86.4,39.27,1439.0,6.46,27.1,71.7
COW_2216,3,Holstein,Yes,31.8,53.1,39.14,2213.0,5.73,25.9,47.2
COW_2217,6,Holstein,Yes,12.4,56.7,38.72,1724.0,5.25,36.8,19.8
COW_2218,6,Holstein,Yes,29.2,63.2,39.1,1602.0,5.15,31.7,28.0
COW_2219,3,Holstein,Yes,35.0,86.4,39.21,1816.0,5.48,31.3,26.7
COW_2220,6,Holstein,No,27.6,85.1,39.17,1855.0,6.54,27.9,45.5
COW_2221,5,Holstein,Yes,24.8,44.5,38.65,1334.0,5.96,38.1,32.1
COW_2222,2,Jersey,Yes,34.6,46.6,38.81,1855.0,5.24,33.5,16.6
COW_2223,4,Holstein,Yes,21.5,64.8,39.12,869.0,5.49,22.1,31.1
COW_2224,2,Holstein,Yes,25.6,45.3,38.85,1708.0,5.55,28.8,22.3
COW_2225,6,Brown Swiss,Yes,22.4,57.3,39.3,2002.0,6.13,24.0,42.6
COW_2226,5,Holstein,Yes,34.3,47.4,39.21,1365.0,5.92,34.8,48.6
COW_2227,8,Holstein,No,12.0,71.8,38.76,1735.0,5.75,32.1,38.7
COW_2228,6,Holstein,No,23.0,87.5,39.23,1379.0,6.08,33.6,49.6
COW_2229,11,Holstein,Yes,27.9,89.8,39.1,1375.0,5.52,21.6,38.1
COW_2230,5,Holstein,Yes,30.6,58.8,39.21,1983.0,5.8,31.1,35.9
COW_2231,3,Holstein,No,25.2,70.0,39.73,1073.0,6.73,15.6,66.1
COW_2232,5,Holstein,Yes,33.6,82.8,39.16,1783.0,5.47,17.6,38.9
COW_2233,3,Holstein,Yes,34.5,45.9,39.2,1696.0,6.21,22.7,44.4
COW_2234,9,Holstein,Yes,11.7,74.5,38.94,1514.0,5.47,36.0,13.5
COW_2235,4,Holstein,No,20.5,60.4,39.07,1682.0,6.12,20.1,43.2
COW_2236,10,Holstein,No,10.6,50.3,38.95,1280.0,5.93,24.2,46.4
COW_2237,5,Jersey,Yes,18.6,60.1,38.96,1916.0,5.13,32.8,21.2
COW_2238,7,Holstein,Yes,24.0,43.8,39.06,1252.0,5.85,30.4,27.9
COW_2239,11,Holstein,Yes,33.7,74.8,39.12,1376.0,6.26,33.2,55.4
COW_2240,6,Jersey,Yes,32.0,52.6,39.26,1571.0,5.65,25.4,39.2
COW_2241,11,Holstein,Yes,13.3,55.6,38.98,2234.0,5.02,25.2,22.4
COW_2242,2,Holstein,No,12.4,46.1,38.91,1657.0,5.94,19.4,46.2
COW_2243,10,Holstein,Yes,25.3,83.2,39.28,1961.0,6.29,23.4,41.7
COW_2244,2,Guernsey,No,23.8,64.7,39.29,1612.0,6.38,17.7,60.8
COW_2245,9,Jersey,Yes,16.9,68.6,38.91,1868.0,5.51,16.5,42.1
COW_2246,10,Holstein,Yes,33.4,68.5,39.36,1447.0,6.36,33.4,52.8
COW_2247,10,Jersey,Yes,34.1,60.5,39.09,1957.0,6.01,25.3,42.5
COW_2248,2,Holstein,Yes,20.5,49.6,39.01,1772.0,4.56,43.7,12.5
COW_2249,3,Holstein,Yes,33.1,77.3,38.83,1132.0,5.8,22.0,28.4
COW_2250,2,Holstein,No,20.0,46.4,38.7,1655.0,6.17,24.1,29.8
COW_2251,11,Holstein,No,29.2,45.2,39.61,1322.0,6.6,16.5,79.2
COW_2252,3,Jersey,Yes,22.4,75.5,38.86,1285.0,4.82,24.9,10.3
COW_2253,11,Holstein,Yes,13.2,50.4,38.82,1425.0,4.92,31.0,36.9
COW_2254,9,Holstein,No,34.1,55.3,39.04,1147.0,6.27,26.3,53.7
COW_2255,6,Guernsey,Yes,21.8,63.8,38.9,2085.0,5.66,32.1,22.4
COW_2256,8,Holstein,Yes,29.1,62.5,38.7,2352.0,5.56,34.0,30.4
COW_2257,3,Holstein,Yes,19.5,75.4,39.05,1623.0,6.1,31.7,35.4
COW_2258,9,Holstein,No,10.5,71.2,39.09,1763.0,6.27,19.6,42.0
COW_2259,7,Jersey,Yes,12.6,72.2,38.99,1944.0,5.95,24.1,26.1
COW_2260,9,Jersey,Yes,22.9,75.7,38.92,2099.0,6.33,25.3,39.8
COW_2261,2,Holstein,No,27.9,54.6,39.32,1396.0,5.93,41.2,44.6
COW_2262,2,Jersey,Yes,18.7,56.1,38.68,1836.0,5.07,33.4,5.5
COW_2263,8,Holstein,Yes,28.1,61.9,39.1,1592.0,5.49,26.7,36.1
COW_2264,9,Jersey,Yes,28.2,55.4,39.06,1786.0,5.49,30.4,24.7
COW_2265,4,Holstein,No,28.3,89.2,39.17,2165.0,6.55,19.8,58.6
COW_2266,6,Holstein,Yes,22.8,80.7,39.01,1805.0,5.42,28.7,22.4
COW_2267,2,Guernsey,No,33.8,48.2,39.11,1207.0,6.83,27.1,62.0
COW_2268,8,Holstein,Yes,22.7,40.3,38.88,1258.0,5.85,25.0,35.6
COW_2269,6,Holstein,Yes,21.7,42.1,39.26,2158.0,5.42,22.4,28.4
COW_2270,9,Holstein,No,15.2,52.2,39.2,1386.0,5.6,25.2,36.7
COW_2271,9,Brown Swiss,Yes,18.0,45.7,39.41,1844.0,6.12,23.4,46.7
COW_2272,10,Holstein,Yes,11.1,66.7,38.69,1632.0,4.8,20.8,2.2
COW_2273,8,Holstein,Yes,26.5,82.9,39.13,1207.0,5.94,22.0,45.1
COW_2274,2,Holstein,Yes,16.5,76.8,38.71,2215.0,5.21,21.4,1.1
COW_2275,4,Holstein,Yes,17.9,50.8,38.77,1636.0,5.27,21.3,12.3
COW_2276,9,Holstein,Yes,30.0,60.0,38.82,1897.0,5.57,20.6,25.3
COW_2277,4,Jersey,Yes,18.5,65.4,38.61,2081.0,5.13,34.0,10.5
COW_2278,9,Brown Swiss,No,16.3,80.5,39.27,1688.0,6.03,30.7,55.6
COW_2279,2,Holstein,Yes,14.4,82.0,38.62,1766.0,5.0,19.5,12.7
COW_2280,6,Holstein,No,30.1,85.5,39.1,1708.0,6.3,30.7,61.9
COW_2281,5,Holstein,Yes,13.4,65.5,39.02,1410.0,5.71,20.4,32.7
COW_2282,6,Holstein,Yes,21.8,74.7,38.69,980.0,5.27,33.3,9.2
COW_2283,9,Guernsey,Yes,23.2,45.6,39.07,2002.0,5.59,28.1,26.7
COW_2284,11,Holstein,Yes,27.9,68.3,38.91,1779.0,6.0,29.6,35.7
COW_2285,5,Holstein,Yes,26.5,52.4,38.87,1523.0,6.03,20.3,34.8
COW_2286,5,Jersey,No,31.1,61.6,39.22,1118.0,6.29,15.6,41.5
COW_2287,4,Holstein,No,11.2,71.7,38.97,966.0,6.26,21.0,38.3
COW_2288,8,Holstein,No,17.7,52.8,39.01,1637.0,5.73,27.1,44.8
COW_2289,4,Holstein,Yes,17.3,42.6,38.63,2537.0,4.8,40.0,14.0
COW_2290,4,Jersey,No,13.8,40.5,38.94,1674.0,5.8,20.9,29.8
COW_2291,11,Guernsey,Yes,17.5,41.1,39.3,1552.0,5.48,25.1,33.4
COW_2292,6,Holstein,Yes,18.1,40.4,38.59,1843.0,5.19,23.8,16.8
COW_2293,6,Brown Swiss,No,23.6,45.5,39.47,2140.0,6.58,23.1,62.5
COW_2294,7,Holstein,Yes,27.3,52.0,39.07,1994.0,5.98,16.2,29.8
COW_2295,9,Holstein,Yes,19.9,51.1,39.11,1459.0,5.38,35.4,17.8
COW_2296,11,Holstein,Yes,28.7,89.3,39.77,1487.0,6.26,23.2,58.4
COW_2297,7,Holstein,Yes,18.7,55.3,38.96,2019.0,5.21,33.8,15.0
COW_2298,2,Holstein,Yes,17.5,46.4,38.81,1538.0,4.69,28.0,5.2
COW_2299,9,Holstein,Yes,24.1,67.3,38.74,2009.0,5.55,27.6,33.5
COW_2300,9,Holstein,No,10.6,82.9,39.02,1300.0,6.18,29.5,52.9
COW_2301,10,Holstein,Yes,12.1,73.9,39.04,1195.0,5.69,26.8,31.8
COW_2302,10,Holstein,Yes,20.9,54.8,38.54,1881.0,5.28,29.0,16.5
COW_2303,3,Jersey,Yes,34.5,68.1,39.01,1736.0,5.32,22.6,18.8
COW_2304,3,Holstein,Yes,28.8,75.7,38.58,1777.0,5.31,24.1,29.6
COW_2305,4,Holstein,Yes,12.3,76.4,39.01,1541.0,5.18,22.0,18.8
COW_2306,2,Holstein,Yes,32.0,73.3,38.94,1497.0,5.29,22.3,30.5
COW_2307,5,Holstein,No,29.0,83.5,39.24,1880.0,6.34,29.7,49.6
COW_2308,5,Guernsey,No,25.9,83.5,39.05,1717.0,6.34,33.2,48.8
COW_2309,10,Holstein,No,31.3,68.9,38.98,1217.0,6.54,17.6,50.5
COW_2310,10,Holstein,No,20.5,61.5,39.3,984.0,5.93,26.8,38.9
COW_2311,10,Jersey,Yes,15.8,72.1,39.09,1459.0,5.27,25.4,23.7
COW_2312,11,Holstein,No,23.3,80.9,39.24,1529.0,6.6,29.6,55.0
COW_2313,8,Holstein,Yes,24.3,40.3,39.16,1445.0,6.03,26.1,39.7
COW_2314,3,Holstein,Yes,24.0,89.6,38.9,1485.0,5.69,26.4,27.6
COW_2315,11,Guernsey,Yes,24.7,49.1,39.42,1248.0,7.06,18.9,71.5
COW_2316,6,Holstein,Yes,34.7,63.5,39.31,1533.0,6.18,16.7,52.1
COW_2317,5,Holstein,Yes,33.5,83.6,39.45,1649.0,6.52,25.7,66.6
COW_2318,9,Holstein,No,32.8,51.3,39.59,1408.0,6.54,23.7,63.4
COW_2319,3,Holstein,Yes,30.8,63.8,39.05,1744.0,5.27,28.3,40.5
COW_2320,7,Holstein,Yes,34.5,46.6,38.93,1680.0,5.71,23.6,25.0
COW_2321,6,Holstein,Yes,12.6,59.8,38.87,1539.0,5.67,25.4,29.3
COW_2322,3,Holstein,Yes,16.9,48.9,38.62,2278.0,5.14,33.7,10.3
COW_2323,11,Guernsey,Yes,22.9,58.2,39.13,1941.0,6.22,30.9,35.2
COW_2324,2,Jersey,Yes,32.0,58.7,38.88,2285.0,5.88,19.1,38.7
COW_2325,9,Holstein,Yes,23.1,89.7,39.31,1790.0,5.48,21.5,53.8
COW_2326,3,Jersey,Yes,29.4,89.7,38.82,1627.0,5.52,19.8,25.4
COW_2327,8,Holstein,No,13.6,45.7,38.95,1346.0,5.95,26.3,39.7
COW_2328,10,Holstein,Yes,16.6,76.3,38.67,2175.0,5.15,32.6,28.8
COW_2329,10,Holstein,Yes,29.0,42.6,39.17,1378.0,6.0,23.9,42.5
COW_2330,9,Jersey,Yes,14.3,41.5,38.94,2023.0,5.8,23.0,28.7
COW_2331,11,Jersey,Yes,19.1,45.3,39.28,1415.0,5.59,23.9,45.9
COW_2332,10,Holstein,No,16.9,88.3,38.99,1676.0,6.07,35.4,50.8
COW_2333,3,Guernsey,Yes,19.1,87.0,38.65,1495.0,5.49,35.5,13.9
COW_2334,7,Holstein,Yes,28.4,49.7,39.08,1887.0,5.76,28.8,39.3
COW_2335,5,Guernsey,No,19.6,48.1,38.99,1224.0,5.98,26.6,41.8
COW_2336,5,Brown Swiss,Yes,24.4,52.0,38.88,1888.0,4.8,27.1,21.7
COW_2337,6,Holstein,Yes,12.6,65.8,39.05,1630.0,5.37,21.3,39.4
COW_2338,4,Jersey,Yes,30.9,68.5,39.01,1784.0,5.62,21.0,21.5
COW_2339,2,Holstein,No,19.6,51.1,39.19,1592.0,5.95,23.4,35.6
COW_2340,9,Holstein,No,26.9,77.8,39.11,1344.0,6.12,18.5,55.7
COW_2341,6,Holstein,Yes,28.9,55.5,39.15,1677.0,5.98,22.0,41.3
COW_2342,4,Holstein,Yes,15.5,86.1,38.6,1543.0,4.92,28.5,6.6
COW_2343,11,Guernsey,Yes,33.0,72.8,39.34,1191.0,6.62,23.1,54.4
COW_2344,8,Jersey,No,26.0,61.8,39.45,1313.0,6.32,19.4,67.8
COW_2345,8,Holstein,No,21.1,79.5,39.1,1397.0,6.41,25.9,53.6
COW_2346,2,Jersey,Yes,14.7,80.9,38.68,1471.0,5.13,26.8,14.9
COW_2347,10,Brown Swiss,No,34.5,54.5,39.35,1767.0,6.44,24.2,57.1
COW_2348,3,Holstein,Yes,29.6,57.0,38.99,1598.0,5.71,22.3,29.1
COW_2349,6,Brown Swiss,Yes,15.4,86.8,38.68,1830.0,5.0,32.9,7.1
COW_2350,6,Holstein,Yes,18.8,48.2,38.99,1311.0,5.59,24.2,18.0
COW_2351,9,Jersey,Yes,31.1,42.1,39.11,2399.0,5.76,34.3,31.9
COW_2352,9,Holstein,No,28.1,62.7,39.23,2181.0,6.42,21.9,61.1
COW_2353,8,Holstein,Yes,29.9,80.1,38.81,1476.0,5.49,26.1,28.1
COW_2354,8,Holstein,Yes,21.5,78.6,38.64,2277.0,5.35,31.0,26.3
COW_2355,7,Holstein,No,28.6,86.0,39.36,1404.0,6.63,26.0,73.8
COW_2356,7,Holstein,No,20.0,66.7,38.82,2217.0,5.55,30.4,33.9
COW_2357,10,Holstein,Yes,15.5,45.0,38.82,1974.0,5.18,37.9,13.4
COW_2358,7,Holstein,Yes,26.4,69.4,39.22,1707.0,5.55,29.0,40.8
COW_2359,3,Guernsey,Yes,35.4,78.9,38.75,924.0,5.26,27.6,18.3
COW_2360,3,Holstein,Yes,18.1,44.7,38.55,1628.0,4.73,26.5,7.3
COW_2361,6,Holstein,No,22.0,48.6,39.34,1680.0,6.01,25.0,38.0
COW_2362,5,Holstein,No,27.5,40.6,39.52,1535.0,6.6,29.9,57.4
COW_2363,3,Holstein,Yes,24.1,69.7,38.88,1290.0,5.49,18.8,32.2
COW_2364,4,Jersey,Yes,31.9,84.3,39.04,1443.0,5.77,21.6,36.3
COW_2365,8,Jersey,Yes,29.8,73.5,39.13,1824.0,6.07,24.1,38.9
COW_2366,9,Holstein,No,11.5,89.1,39.26,1108.0,6.21,19.8,57.0
COW_2367,7,Holstein,Yes,36.0,43.2,39.22,1783.0,5.44,24.3,24.0
COW_2368,6,Jersey,Yes,29.6,85.2,39.0,2130.0,5.44,35.5,37.4
COW_2369,2,Holstein,Yes,32.5,80.7,38.98,1876.0,5.82,25.0,21.2
COW_2370,9,Jersey,Yes,26.9,55.7,39.23,1709.0,6.27,26.7,44.9
COW_2371,4,Holstein,Yes,32.3,88.7,39.01,1090.0,5.28,18.5,17.7
COW_2372,7,Jersey,Yes,12.9,54.4,38.95,1538.0,5.49,21.7,11.6
COW_2373,4,Holstein,No,19.0,84.5,39.22,2250.0,5.32,29.2,36.8
COW_2374,8,Holstein,No,32.8,84.0,39.02,1330.0,6.65,31.3,49.9
COW_2375,8,Brown Swiss,No,15.2,77.9,39.01,2056.0,5.88,26.3,40.0
COW_2376,10,Holstein,Yes,12.0,68.2,38.92,1627.0,5.29,26.3,13.9
COW_2377,6,Holstein,Yes,30.5,46.0,39.24,1461.0,6.13,26.3,46.2
COW_2378,9,Holstein,Yes,31.7,66.6,39.09,1904.0,6.0,13.2,35.9
COW_2379,11,Holstein,Yes,14.2,57.8,39.14,1847.0,5.12,28.7,16.1
COW_2380,11,Holstein,No,32.2,79.6,39.18,1542.0,6.93,17.7,65.7
COW_2381,9,Holstein,Yes,27.9,77.9,39.12,1451.0,5.72,30.7,25.9
COW_2382,2,Holstein,Yes,23.5,85.5,38.89,1350.0,5.74,15.0,23.6
COW_2383,6,Holstein,No,31.6,40.7,39.41,1232.0,6.28,20.4,53.4
COW_2384,4,Jersey,No,20.9,80.5,39.34,1286.0,6.22,22.3,64.8
COW_2385,2,Holstein,Yes,15.0,86.9,38.99,1855.0,5.21,24.8,0.7
COW_2386,5,Holstein,Yes,17.4,79.5,38.7,2339.0,5.07,27.0,8.1
COW_2387,9,Jersey,Yes,23.1,46.5,39.16,1536.0,6.67,27.7,50.6
COW_2388,4,Holstein,Yes,23.8,44.1,39.01,1906.0,5.57,26.4,26.0
COW_2389,11,Holstein,Yes,30.9,41.0,39.1,1711.0,5.74,20.8,39.0
COW_2390,3,Holstein,Yes,30.6,71.4,39.08,1373.0,5.87,31.9,34.6
COW_2391,10,Holstein,No,25.1,71.5,39.55,1345.0,7.33,22.3,69.7
COW_2392,11,Holstein,Yes,30.3,89.3,39.71,1487.0,6.52,24.0,64.1
COW_2393,6,Holstein,Yes,15.0,59.9,38.69,2215.0,4.85,23.8,7.3
COW_2394,8,Holstein,Yes,11.3,56.6,39.12,1254.0,6.26,12.3,43.1
COW_2395,3,Holstein,Yes,32.7,71.2,38.75,1079.0,5.29,22.6,24.0
COW_2396,10,Holstein,No,12.0,81.3,39.4,1462.0,6.78,17.7,61.9
COW_2397,10,Holstein,Yes,16.4,86.8,38.83,1985.0,5.19,24.6,11.6
COW_2398,5,Holstein,Yes,28.1,80.2,39.02,1652.0,6.08,21.8,33.7
COW_2399,5,Jersey,Yes,20.6,61.3,38.74,1915.0,4.92,29.4,17.0
COW_2400,7,Holstein,No,32.8,71.7,39.2,1738.0,6.54,27.1,61.0
COW_2401,11,Holstein,Yes,17.7,82.8,38.89,1531.0,5.66,31.4,29.3
COW_2402,11,Holstein,No,10.3,64.5,39.26,1380.0,6.4,26.6,57.3
COW_2403,11,Holstein,Yes,17.8,50.8,39.11,1776.0,5.48,21.9,31.9
COW_2404,7,Holstein,Yes,25.0,48.5,39.14,1320.0,5.77,26.9,34.5
COW_2405,2,Holstein,Yes,19.8,40.0,38.79,1792.0,5.5,36.7,17.8
COW_2406,10,Guernsey,No,23.9,75.9,39.15,1463.0,6.55,15.8,55.2
COW_2407,3,Holstein,No,32.8,45.6,39.25,1997.0,6.31,29.7,61.6
COW_2408,6,Brown Swiss,Yes,33.7,52.2,39.38,1549.0,5.93,20.3,39.0
COW_2409,10,Holstein,Yes,16.9,54.9,38.95,1928.0,5.48,29.7,13.9
COW_2410,5,Holstein,Yes,22.0,68.0,38.8,2261.0,5.31,31.2,6.9
COW_2411,4,Holstein,Yes,24.3,59.9,39.02,1490.0,4.78,28.2,18.5
COW_2412,8,Holstein,Yes,34.7,73.7,39.24,2155.0,5.7,37.4,45.8
COW_2413,7,Holstein,No,36.0,42.8,39.18,1944.0,6.5,21.1,68.3
COW_2414,9,Holstein,No,16.1,46.2,39.05,1606.0,6.16,16.7,40.1
COW_2415,4,Holstein,Yes,28.9,65.0,39.11,1392.0,6.15,25.9,55.7
COW_2416,6,Guernsey,Yes,19.8,56.8,38.81,2531.0,5.26,27.8,12.1
COW_2417,11,Jersey,No,10.2,54.8,39.28,1751.0,6.05,26.1,56.3
COW_2418,5,Holstein,No,10.2,43.4,39.45,1473.0,6.58,26.6,58.4
COW_2419,5,Holstein,Yes,22.0,84.8,38.59,2507.0,5.18,29.1,3.5
COW_2420,5,Holstein,Yes,22.7,74.6,39.1,2253.0,5.11,29.5,24.0
COW_2421,11,Holstein,Yes,10.6,46.1,38.77,1736.0,5.86,29.0,7.5
COW_2422,9,Holstein,Yes,27.9,43.3,39.1,1785.0,6.03,35.3,31.3
COW_2423,7,Holstein,Yes,17.6,88.7,38.9,2128.0,5.09,26.6,10.3
COW_2424,4,Holstein,Yes,24.6,74.1,39.04,1805.0,5.23,23.5,28.1
COW_2425,11,Holstein,Yes,17.8,60.9,39.15,1177.0,5.91,29.5,38.6
COW_2426,6,Brown Swiss,Yes,14.3,75.1,39.0,1458.0,5.46,22.2,26.1
COW_2427,7,Jersey,Yes,20.6,77.8,39.18,1283.0,5.65,28.9,18.3
COW_2428,6,Guernsey,Yes,16.0,79.0,38.84,2060.0,5.56,27.4,18.5
COW_2429,7,Holstein,No,23.9,63.9,39.31,1055.0,6.6,21.3,65.0
COW_2430,9,Holstein,No,15.2,61.5,39.15,1715.0,6.02,37.7,39.2
COW_2431,8,Holstein,Yes,23.2,40.6,38.98,2336.0,5.38,32.6,33.9
COW_2432,6,Holstein,Yes,14.1,86.3,38.4,2428.0,5.04,34.3,13.2
COW_2433,11,Holstein,No,27.4,70.2,39.58,832.0,7.02,23.1,75.6
COW_2434,7,Jersey,Yes,29.6,50.2,39.01,1272.0,5.88,22.5,27.4
COW_2435,5,Holstein,Yes,12.9,86.0,38.95,1579.0,5.02,29.7,11.0
COW_2436,10,Holstein,Yes,22.2,85.7,38.74,1389.0,5.27,30.7,24.8
COW_2437,5,Holstein,Yes,11.8,89.5,38.69,1181.0,5.9,27.9,23.7
COW_2438,2,Holstein,Yes,25.6,83.7,38.9,1786.0,5.74,27.7,22.9
COW_2439,8,Holstein,No,16.9,89.9,39.1,1903.0,5.88,23.5,30.9
COW_2440,8,Holstein,Yes,23.7,52.2,39.32,1752.0,5.89,24.2,62.2
COW_2441,5,Holstein,Yes,23.5,82.1,39.02,1525.0,6.41,23.1,29.7
COW_2442,4,Holstein,No,34.0,81.2,38.97,1512.0,6.04,28.1,48.2
COW_2443,9,Brown Swiss,Yes,24.3,51.5,39.02,1789.0,5.75,15.3,32.4
COW_2444,6,Holstein,Yes,25.2,44.9,38.82,1755.0,5.31,34.7,26.9
COW_2445,11,Jersey,Yes,20.4,89.0,39.01,2110.0,5.47,20.3,20.6
COW_2446,8,Holstein,Yes,34.7,54.8,39.26,1682.0,6.3,18.9,47.9
COW_2447,5,Holstein,Yes,30.2,83.5,38.99,1551.0,6.04,27.8,42.2
COW_2448,5,Holstein,Yes,17.4,40.2,38.99,1195.0,4.88,31.8,10.7
COW_2449,9,Holstein,Yes,31.9,41.1,39.26,1917.0,6.36,32.6,56.9
COW_2450,9,Holstein,Yes,21.2,63.3,38.83,1630.0,5.65,30.2,16.0
COW_2451,3,Jersey,Yes,31.5,51.9,38.89,1894.0,5.58,26.7,19.9
COW_2452,3,Jersey,Yes,31.4,74.5,39.21,1066.0,5.6,27.4,20.1
COW_2453,4,Holstein,Yes,14.9,68.3,38.93,1760.0,5.3,35.4,30.9
COW_2454,4,Holstein,Yes,28.2,43.9,38.99,1752.0,5.8,39.0,28.0
COW_2455,2,Guernsey,Yes,17.6,48.1,38.69,1977.0,5.31,27.9,12.4
COW_2456,4,Holstein,No,17.7,59.4,38.99,2774.0,5.86,29.3,30.1
COW_2457,7,Holstein,Yes,17.7,49.3,39.07,1560.0,5.4,26.7,19.2
COW_2458,9,Holstein,Yes,28.9,79.6,39.09,2007.0,5.75,25.8,33.1
COW_2459,11,Jersey,No,16.0,60.8,39.43,1526.0,7.14,29.9,67.0
COW_2460,7,Brown Swiss,Yes,10.0,44.7,39.05,1602.0,5.52,22.9,12.0
COW_2461,6,Holstein,Yes,28.6,64.2,39.0,2088.0,5.23,14.6,18.2
COW_2462,5,Guernsey,No,14.5,44.5,38.98,1612.0,5.2,27.2,30.1
COW_2463,4,Jersey,No,12.7,46.4,38.79,2003.0,5.79,32.3,34.5
COW_2464,5,Holstein,Yes,16.2,52.0,38.7,2618.0,5.37,29.7,9.5
COW_2465,8,Holstein,Yes,19.9,83.0,38.85,1914.0,4.97,30.9,15.7
COW_2466,2,Holstein,Yes,22.4,86.2,38.84,1782.0,5.15,32.8,11.7
COW_2467,8,Brown Swiss,No,11.2,81.3,39.27,1995.0,5.83,25.9,35.4
COW_2468,2,Holstein,Yes,35.2,56.7,38.7,2306.0,5.44,30.4,15.8
COW_2469,3,Jersey,Yes,28.6,53.6,39.04,1334.0,5.85,27.6,52.4
COW_2470,5,Holstein,No,18.4,67.5,39.04,1397.0,6.57,14.5,51.4
COW_2471,2,Jersey,Yes,18.3,76.1,38.62,2079.0,5.36,28.4,26.0
COW_2472,10,Holstein,No,21.7,89.7,39.05,1548.0,5.86,16.8,50.2
COW_2473,7,Holstein,Yes,26.3,46.6,39.1,1347.0,6.07,25.3,36.0
COW_2474,2,Jersey,Yes,13.8,42.5,38.77,2172.0,4.61,26.6,5.1
COW_2475,2,Jersey,Yes,14.9,74.7,38.52,2213.0,5.27,35.4,6.0
COW_2476,7,Guernsey,No,32.3,81.6,39.14,1405.0,6.58,24.6,62.2
COW_2477,5,Holstein,Yes,16.7,82.3,38.72,1729.0,6.05,28.6,35.7
COW_2478,5,Jersey,Yes,19.9,73.9,38.74,1700.0,5.01,27.8,5.5
COW_2479,7,Holstein,Yes,32.7,87.7,38.95,1294.0,5.74,30.8,39.6
COW_2480,8,Holstein,Yes,27.2,65.6,39.42,1416.0,6.15,16.5,50.8
COW_2481,10,Holstein,No,18.9,85.7,39.53,1371.0,6.8,17.5,67.4
COW_2482,11,Holstein,Yes,27.8,88.4,39.3,1025.0,6.34,28.6,62.7
COW_2483,6,Holstein,Yes,10.5,82.4,38.83,1608.0,5.42,24.4,32.4
COW_2484,10,Brown Swiss,No,29.1,55.5,39.14,1455.0,6.48,12.8,59.9
COW_2485,5,Holstein,Yes,22.7,49.8,38.77,2132.0,5.37,33.9,28.1
COW_2486,11,Jersey,Yes,31.1,67.4,38.89,1607.0,5.86,31.8,36.4
COW_2487,3,Holstein,Yes,34.8,62.7,38.86,1296.0,5.64,30.1,29.0
COW_2488,4,Holstein,No,34.1,83.9,39.11,1444.0,6.26,23.9,50.9
COW_2489,2,Holstein,Yes,33.6,45.0,38.93,1594.0,5.15,36.4,26.1
COW_2490,7,Guernsey,Yes,23.3,52.9,39.07,1893.0,5.43,32.6,35.1
COW_2491,7,Guernsey,Yes,19.4,77.6,38.68,1760.0,5.63,37.3,12.9
COW_2492,2,Guernsey,Yes,22.1,44.7,38.91,908.0,4.7,33.9,6.4
COW_2493,4,Brown Swiss,Yes,27.9,56.0,38.8,2875.0,6.03,26.0,43.2
COW_2494,6,Holstein,Yes,33.0,59.4,38.98,1773.0,5.7,24.2,30.3
COW_2495,4,Holstein,Yes,15.4,71.1,38.95,1746.0,4.99,19.6,39.5
COW_2496,11,Jersey,Yes,33.9,47.9,39.02,1120.0,6.43,27.4,48.6
COW_2497,4,Holstein,Yes,31.2,83.0,38.77,1268.0,5.61,30.4,15.0
COW_2498,11,Holstein,Yes,35.5,62.4,39.17,1540.0,5.95,22.6,43.7
COW_2499,4,Holstein,No,32.9,85.9,39.42,1454.0,6.78,24.1,61.8
COW_2500,6,Holstein,No,17.3,63.4,39.32,1612.0,6.34,20.7,63.8
